Recipient,Sent,Subject,Last Opened,Opens,Clicks,PDF views
julie@starfaceworld.com,2025-01-18 02:19:08,Yotpo subscriptions sunsetting,2025-03-25 02:08:28,3,,
amber@animamundiherbals.com,2025-01-23 01:38:54,Total Commerce / Anima Mundi Herbals,2025-08-15 01:33:21,7,,
"mani.skaria@uscitrus.com,Mani Skaria",2025-01-25 01:27:26,Yotpo subscriptions sunsetting,2025-05-12 06:57:32,1,,
kiera.coskran@unitehair.com,2025-01-25 01:39:04,Yotpo subscriptions sunsetting,2025-04-12 07:13:14,3,,
jonathan@transformhq.com,2025-01-28 04:26:08,We spoke on call - the cold call guy,2025-04-15 03:12:34,4,0,
julie@starfaceworld.com,2025-01-29 00:43:07,Yotpo Subscriptions / Starface World,2025-03-26 02:38:27,2,,
awie@8greens.com,2025-01-30 02:12:24,Yotpo Subscriptions / 8Greens,2025-03-31 21:41:56,5,,
kiera.coskran@unitehair.com,2025-01-30 03:39:07,Yotpo Subscriptions / Unite Hair,2025-04-12 07:03:36,4,0,
"ishita@designmehair.com,ishitagarg19@gmail.com",2025-02-06 00:36:56,Curl balm subscription,2025-05-28 01:58:59,7,0,
lharris@oakessentials.com,2025-02-07 00:38:37,Moisture rich balm subscription,2025-04-20 13:20:37,1,,
julie@starfaceworld.com,2025-02-12 03:04:05,Subscriptions - hydro-stars + big yellow,2025-04-02 00:43:52,1,0,
jill@winkylux.com,2025-02-12 19:29:10,Winky Lux / Yotpo Subscriptions,2025-05-24 00:16:21,3,0,
Victoria Kay,2025-02-14 00:26:34,Anima Mundi Herbals / Loop Subscriptions - Pricing,2025-04-03 20:53:03,10,1,
"alice@firstday.com,alice@hifirstday.com",2025-02-14 02:27:51,Kid's enrichment multivitamin - subscription,2025-07-16 21:45:28,2,,
erin@mayorgacoffee.com,2025-02-15 03:11:33,Loop Subscriptions / Mayorga Coffee - spoke to Bianca,2025-04-12 03:43:06,2,0,
megan.browne@getboldify.com,2025-02-19 01:12:08,Subscription - Thicken + Volume Shampoo,2025-07-15 19:41:11,3,,
"alice@firstday.com,alice@hifirstday.com",2025-02-19 02:11:21,Kid's daily enrichment / Subscription checkout upselling,2025-07-16 21:52:53,3,0,
jill@winkylux.com,2025-02-19 20:44:40,Winky Lux / Yotpo Subscriptions,2025-05-24 00:16:21,3,0,
awie@8greens.com,2025-02-22 01:13:23,8Greens Subscribers' Retention,2025-03-31 22:47:42,2,0,
"Victoria Kay,Harshit Gupta",2025-02-22 01:39:36,Anima Mundi Herbals / Loop Subscriptions - Pricing,2025-04-30 01:02:50,31,0,
"Victoria Kay,Harshit Gupta",2025-02-25 00:20:29,Anima Mundi Herbals / Loop Subscriptions - Pricing,2025-04-30 01:01:01,13,,
"sarah@primallypure.com,sjessup21sj@gmail.com",2025-02-27 01:19:42,From Taryn to Allisonâ€¦ and finally to you,2025-04-09 01:40:17,4,,
"olivia@winkylux.com,oliviam@winkylux.com",2025-02-27 20:00:29,Pricing - Winky Lux / Yotpo Subscriptions,2025-03-20 20:18:24,9,0,
julie@starfaceworld.com,2025-02-28 05:22:28,Starfaceworld / Yotpo,2025-04-02 00:49:21,1,0,
"benjamin@juicebeauty.com,benjaminplord@icloud.com",2025-02-28 22:00:38,Juice Beauty / Yotpo Loyalty,2025-03-24 22:15:34,1,0,
brookew@purlisse.com,2025-02-28 23:00:21,Yotpo - Yensa & Purlisse,2025-04-15 04:28:03,2,0,
allie@veracityselfcare.com,2025-03-04 02:17:53,Global Founders Capital / Veracity Selfcare,2025-05-15 00:34:32,3,0,
"tipling@daehair.com,tipwitsman@gmail.com",2025-03-05 02:53:17,Dae Hair / Yotpo Subscriptions,2025-05-13 04:25:32,2,,
"mauricio@firstday.com,mauricioestrela@hotmail.com",2025-03-05 23:24:30,Subscriber retention at First day,2025-03-26 21:19:28,7,0,
"alice@firstday.com,alice@hifirstday.com",2025-03-05 23:28:49,Subscriber retention at First day,2025-07-16 21:52:47,3,0,
"doreen@eatroyo.com,DoreenHalaf@gmail.com",2025-03-08 01:25:50,Royo Bread / Loop Subscriptions,2025-03-27 01:22:16,5,0,
Brian Chuc,2025-03-12 04:07:03,Truff / Loop Subscriptions - Expo West Meetup,2025-06-12 14:34:17,2,1,
tyler@magicmind.com,2025-03-12 22:16:50,Magic Mind / Loop Subscriptions - Expo West Meetup,2025-07-28 19:50:24,2,,
Brian Chuc,2025-03-15 03:26:55,Truff / Loop Subscriptions - Expo West Meetup,2025-06-12 02:37:02,3,0,
Brian Chuc,2025-03-15 03:36:07,Truff / Loop Subscriptions - Expo West Meetup,2025-06-12 02:37:04,3,,
maddie@beginhealth.com,2025-03-15 03:52:59,High Churn at Begin Health?,2025-04-01 23:10:31,5,1,
lexi@kromawellness.com,2025-03-18 19:44:50,Spoke to Lisa and Carla / Yotpo Subscriptions,2025-03-20 18:32:58,2,0,
taryn@primallypure.com,2025-03-18 21:32:51,no subscriptions on bundles?,2025-08-04 23:52:11,3,0,
sarah@primallypure.com,2025-03-18 21:34:48,no subscriptions on bundles?,2025-04-03 21:32:21,3,0,
Mauricio Estrela,2025-03-18 22:07:40,Subscriber retention at First day,2025-08-15 05:24:21,4,,
blake@firstday.com,2025-03-18 23:20:53,Spoke to Cody and Mauricio - First Day,2025-03-26 08:30:33,3,0,
blake@firstday.com,2025-03-18 23:22:24,Subscriber retention at First day,2025-03-20 20:07:36,2,,
abby@goodcleanlove.com,2025-03-20 00:20:04,Spoke to Wendi - Loop Subscriptions,2025-03-20 01:27:58,1,0,
taryn@primallypure.com,2025-03-20 01:07:46,Primally Pure / Loop Subscriptions,2025-03-24 22:59:37,4,0,
allison@primallypure.com,2025-03-20 01:10:19,Primally Pure / Loop Subscriptions,2025-04-03 09:33:27,4,0,
sarah@primallypure.com,2025-03-20 01:11:14,Primally Pure / Loop Subscriptions,2025-03-20 18:45:52,3,0,
bbaum@llamanaturals.com,2025-03-20 01:29:26,Llama Naturals / Up-selling Revenue,2025-03-20 02:15:22,1,0,
kbrown@llamanaturals.com,2025-03-20 01:30:50,Llama Naturals / Up-selling Revenue,2025-03-20 01:38:36,1,0,
ellie@beekeepersnaturals.com,2025-03-20 02:38:58,Hide line items - Jake / Proton,2025-03-20 02:39:36,1,0,
ariana@beekeepersnaturals.com,2025-03-20 02:40:27,Hide line items - Jake / Proton,2025-03-20 02:42:02,1,0,
lindsey@beekeepersnaturals.com,2025-03-20 02:41:07,Hide line items - Jake / Proton,2025-03-20 22:33:24,6,0,
kirsten@beekeepersnaturals.com,2025-03-20 02:42:00,Hide line items - Jake / Proton,2025-03-20 02:54:38,1,0,
"sabrina@veracityselfcare.com,sabrinavpereira@gmail.com",2025-03-20 03:43:50,Veracity - Up-sell revenue,2025-03-21 18:53:51,2,0,
"emily.andrews@veracityselfcare.com,eporterandrews@gmail.com",2025-03-20 03:45:01,Veracity - Up-sell revenue,2025-03-20 19:40:41,1,0,
allie@veracityselfcare.com,2025-03-20 03:45:47,Veracity - Up-sell revenue,2025-06-27 02:15:25,4,0,
maeve.aherne@veracityselfcare.com,2025-03-20 03:46:36,Veracity - Up-sell revenue,2025-03-20 06:40:35,1,0,
abeer@dcblab.com,2025-03-20 20:03:41,From Finance Intern to VP - had to reach out!,2025-05-09 15:21:43,5,,
adam@dridriss.com,2025-03-20 21:45:51,not able to buy bundle subscriptions,2025-03-21 21:20:28,3,,
laura@dridriss.com,2025-03-20 21:49:22,not able to buy bundle subscriptions,2025-03-21 08:57:20,1,,
Dashrath Rajpurohit,2025-03-20 22:01:42,Kid's daily enrichment / Subscription checkout upselling,2025-03-20 22:02:27,1,,
kprice@oakessentials.com,2025-03-20 23:50:47,High 3rd/4th order churn at Oak Essentials,2025-03-21 02:11:51,1,0,
"wlundgren@oakessentials.com,whitlundgren@gmail.com",2025-03-20 23:52:35,High 3rd/4th order churn at Oak Essentials,2025-03-20 23:54:58,2,0,
"ptran@oakessentials.com,hellopeytran@gmail.com",2025-03-20 23:53:37,High 3rd/4th order churn at Oak Essentials,2025-05-22 01:49:56,4,0,
ksardo@oakessentials.com,2025-03-20 23:54:24,High 3rd/4th order churn at Oak Essentials,2025-03-21 00:35:16,2,0,
Harshit Gupta,2025-03-21 00:47:37,Test,2025-03-21 00:50:24,1,,
Harshit Gupta,2025-03-21 00:50:03,Test,2025-03-22 10:00:55,1,,
Harshit Gupta,2025-03-21 00:51:28,test,2025-03-21 01:06:36,1,,
mackenzie@cardonskin.com,2025-03-21 01:15:58,Loop Subscriptions > Mackenzie / Book Demo,2025-03-21 12:52:52,2,1,
"josh@dermaclara.com,jking5576@gmail.com",2025-03-21 01:44:12,High 2nd/3rd order churn at Dermaclara,2025-03-21 05:01:38,1,0,
michael@dermaclara.com,2025-03-21 01:46:43,High 2nd/3rd order churn at Dermaclara,2025-03-21 02:27:42,2,0,
"paul@dermaclara.com,pauljbrandlin@gmail.com",2025-03-21 01:47:55,High 2nd/3rd order churn at Dermaclara,2025-03-21 01:55:20,1,0,
emily@karammdskin.com,2025-03-21 01:54:35,High 2nd/3rd order churn at KaramMD Skin,2025-03-22 03:50:11,1,0,
"shenoa@karammdskin.com,shenoariegel@gmail.com,shenoapine@yahoo.com",2025-03-21 01:56:53,High 2nd/3rd order churn at KaramMD Skin,2025-03-24 18:43:46,3,0,
"mallory@karammdskin.com,mchernandez91@gmail.com",2025-03-21 01:57:33,High 2nd/3rd order churn at KaramMD Skin,2025-03-21 21:16:24,2,0,
Adam Wilson,2025-03-21 21:39:40,not able to buy bundle subscriptions,2025-03-21 22:19:00,2,0,
"Victoria Kay,Harshit Gupta",2025-03-21 21:42:38,Anima Mundi Herbals / Loop Subscriptions - Pricing,2025-04-30 00:01:35,8,,
Adam Wilson,2025-03-21 22:49:52,not able to buy bundle subscriptions,2025-03-21 23:00:29,3,,
jack.meredith@kettleandfire.com,2025-03-22 02:28:31,High 2nd/ 3rd order churn at Kettle & Fire,2025-03-22 02:29:03,1,,
brian@kettleandfire.com,2025-03-22 02:31:46,High 2nd/ 3rd order churn at Kettle & Fire,2025-03-22 02:38:58,2,,
niccolo@kettleandfire.com,2025-03-22 02:36:26,High 2nd/ 3rd order churn at Kettle & Fire,2025-03-25 03:34:22,1,,
"heather@juicebeauty.com,heatheranneshelton@gmail.com",2025-03-24 21:30:15,Juice Beauty - Up-sell revenue,2025-03-25 11:11:30,1,0,
jfarver@getgrinds.com,2025-03-24 21:30:20,Grinds Coffee - Up-sell revenue,2025-03-25 00:58:33,2,0,
pat@getgrinds.com,2025-03-24 21:30:39,Grinds Coffee - Up-sell revenue,2025-03-24 21:30:54,1,0,
anugent@getgrinds.com,2025-03-24 21:30:50,Grinds Coffee - Up-sell revenue,2025-03-25 00:27:11,2,0,
"naaman@pureformen.com,naamanesquivel@gmail.com",2025-03-24 22:00:25,Pure For Men - Upsell Revenue,2025-03-25 22:43:50,1,0,
"andrewjmusselman@gmail.com,contact@ajmusselman.com",2025-03-24 22:00:34,Juice Beauty - Up-sell revenue,2025-03-25 18:43:43,1,0,
lauren@curehydration.com,2025-03-25 18:18:51,CURE / Joyance Partners - Jorge's reference,2025-03-25 18:35:54,1,0,
mathias@curehydration.com,2025-03-25 18:23:08,CURE / Joyance Partners - Jorge's reference,2025-03-25 19:36:05,1,0,
hannah@curehydration.com,2025-03-25 18:24:03,CURE / Joyance Partners - Jorge's reference,2025-03-25 20:55:14,2,0,
jason.danieli@cpap.com,2025-03-26 02:31:01,CPAP / Easy Breathe - Loop Subscriptions,2025-03-26 02:31:19,1,0,
diane@cocofloss.com,2025-03-26 20:56:54,Alexandre Luna -> Evereden / COCOLAB,2025-03-26 21:01:49,1,0,
ryan@cocofloss.com,2025-03-26 21:02:49,COCOLAB - Retention and LTV,2025-03-26 21:03:31,1,0,
rebecca@cocofloss.com,2025-03-26 21:10:42,COCOLAB - Retention and LTV,2025-03-26 21:13:55,1,0,
catherine@cocofloss.com,2025-03-26 21:11:21,COCOLAB - Retention and LTV,2025-03-27 01:17:02,2,0,
hannah@cocofloss.com,2025-03-26 21:11:59,COCOLAB - Retention and LTV,2025-04-02 02:28:18,4,0,
gil@eatroyo.com,2025-03-26 22:01:34,~$20k saved - Royo / Loop,2025-03-26 22:25:33,1,,
"doreen@eatroyo.com,DoreenHalaf@gmail.com",2025-03-26 22:05:23,~$20k saved - Royo Bread / Loop,2025-03-26 22:19:58,3,0,
jill@winkylux.com,2025-03-26 22:13:34,Olivia referred me to you / $20k saved,2025-03-27 17:50:50,2,0,
"olivia@winkylux.com,oliviam@winkylux.com",2025-03-26 22:17:36,Spoke on call - save $20k / Loop Subscriptions,2025-04-07 16:57:06,5,0,
cat@hibobbie.com,2025-03-27 00:14:13,Organic Original Bundle - Subscriber acquisiton,2025-03-28 04:54:52,1,,
sarah.schifter@hibobbie.com,2025-03-27 00:18:35,Organic Original Bundle - Subscriber acquisiton,2025-03-27 01:15:18,1,,
erin@myfreebird.com,2025-03-27 20:58:26,12 years in retention!!!,2025-03-27 21:45:08,1,,
joseph@myfreebird.com,2025-03-27 21:25:23,Freebird / Razor-Blade setup - Subscriber Acquisition,2025-03-27 21:53:48,2,,
eugenia@myfreebird.com,2025-03-27 21:28:23,Freebird / Razor-Blade setup - Subscriber Acquisition,2025-03-28 17:54:03,2,,
jake@freedom-grooming.com,2025-03-27 21:46:51,Freebird / Razor-Blade setup - Subscriber Acquisition,2025-03-27 21:52:19,1,,
eunice@myfreebird.com,2025-03-27 21:55:05,Freebird / Razor-Blade setup - Subscriber Acquisition,2025-03-27 23:00:16,1,,
julia@curiebod.com,2025-03-27 22:38:04,Deodorant Stick subscription,2025-03-27 23:02:38,1,,
sarah@curiebod.com,2025-03-27 22:38:35,Deodorant Stick subscription,2025-03-27 23:42:21,1,,
rosie@curiebod.com,2025-03-27 22:39:04,Deodorant Stick subscription,2025-03-27 23:41:30,1,,
margot@curiebod.com,2025-03-27 22:39:29,Deodorant Stick subscription,2025-03-28 11:00:02,1,,
bbaum@llamanaturals.com,2025-03-28 18:04:37,Llama Naturals saved ~$23k annually,2025-03-31 20:01:38,5,0,
kbrown@llamanaturals.com,2025-03-28 18:05:37,Llama Naturals saved ~$23k annually,2025-03-28 19:12:54,1,,
jbr@neurogan.com,2025-03-28 18:16:35,Neurogan / Up-selling Revenue,2025-03-28 18:23:21,1,1,
alexander@neurogan.com,2025-03-28 18:17:19,Neurogan / Up-selling Revenue,2025-03-28 18:18:09,2,0,
nicklas@neurogan.com,2025-03-28 18:18:09,Neurogan / Up-selling Revenue,2025-03-28 18:19:16,2,0,
"minesh@eczemahoneyco.com,mineshpatelenterprise@gmail.com",2025-03-28 19:01:26,Eczema Honey / Up-selling Revenue,2025-03-29 03:46:16,1,0,
"karina@eczemahoneyco.com,karinapatel14@gmail.com",2025-03-28 19:02:18,Eczema Honey / Up-selling Revenue,2025-03-28 20:36:46,2,0,
dave@addjoi.com,2025-03-28 19:33:21,JOI / Up-selling Revenue,2025-03-28 19:41:31,1,0,
hector@addjoi.com,2025-03-28 19:34:42,JOI / Up-selling Revenue,2025-06-24 00:43:43,3,0,
izzy@addjoi.com,2025-03-28 19:36:54,JOI / Up-selling Revenue,2025-03-28 22:13:28,1,0,
sal@cymbiotika.com,2025-03-28 21:31:05,Cymbiotika / One time -> Subscription Pop Up,2025-03-28 21:52:22,2,,
casey@cymbiotika.com,2025-03-28 21:32:26,Cymbiotika / One time -> Subscription Pop Up,2025-03-28 22:26:56,1,,
jonathan@cymbiotika.com,2025-03-28 21:34:14,Cymbiotika / One time -> Subscription Pop Up,2025-03-28 21:42:40,1,,
bill@rawgeneration.com,2025-03-28 21:40:16,Raw Generation - Subscribers of Skinny Cleanse,2025-03-28 22:16:27,1,,
jessica@rawgeneration.com,2025-03-28 21:40:21,Raw Generation - Subscribers of Skinny Cleanse,2025-03-28 22:58:04,2,,
jwurmstich@rawgeneration.com,2025-03-28 21:40:48,Raw Generation - Subscribers of Skinny Cleanse,2025-03-28 23:56:15,1,,
danya.ramirez@planttherapy.com,2025-03-28 21:41:01,not able to buy bundle subscriptions,2025-03-28 21:49:42,3,,
joanne.pizzo@planttherapy.com,2025-03-28 21:41:16,not able to buy bundle subscriptions,2025-03-29 10:41:32,1,,
zach@zedrics.com,2025-03-29 00:24:00,recharge -> Loop subscriptions,2025-04-10 04:41:45,7,,
"Zach Lutton,Kimberly Lutton,Joey Guerrero and 1 more.",2025-03-29 01:06:46,recharge -> Loop subscriptions,2025-03-31 01:05:38,9,,
cory@amandean.com,2025-03-29 01:45:46,Marine collagen powder subscription,2025-03-29 01:50:50,1,,
"sabrina@veracityselfcare.com,sabrinavpereira@gmail.com",2025-03-29 02:09:50,Veracity Selfcare saved ~$25k annually,2025-04-02 02:25:41,2,0,
allie@veracityselfcare.com,2025-03-29 02:13:10,Veracity Selfcare saved ~$25k annually,2025-03-29 02:15:30,1,0,
maeve.aherne@veracityselfcare.com,2025-03-29 02:13:52,Veracity Selfcare saved ~$25k annually,2025-03-29 02:14:10,1,,
jfarver@getgrinds.com,2025-03-31 18:48:48,Grinds Coffee saved ~$18k annually,2025-03-31 20:19:39,1,0,
matt@getgrinds.com,2025-03-31 18:51:00,Grinds Coffee saved ~$18k annually,2025-03-31 18:58:57,1,0,
anugent@getgrinds.com,2025-03-31 19:05:08,Grinds Coffee saved ~$18k annually,2025-03-31 19:05:25,1,0,
maryjo@getgrinds.com,2025-03-31 19:06:44,Grinds Coffee saved ~$18k annually,2025-03-31 19:32:31,1,0,
bbaum@llamanaturals.com,2025-04-01 00:35:35,Llama Naturals / Loop Subscriptions - save $23k yearly,2025-04-01 01:20:52,2,0,
shivikasinha@lovewellness.com,2025-04-01 00:55:44,Daily love multivitamin - 1 click subscription Upsell,2025-04-10 23:49:42,2,0,
ericagray@lovewellness.com,2025-04-01 00:59:45,Daily love multivitamin - 1 click subscription Upsell,2025-04-01 01:01:26,1,0,
ilantito@lovewellness.com,2025-04-01 01:04:17,Daily love multivitamin - 1 click subscription Upsell,2025-04-01 01:15:46,1,0,
monica@getrael.com,2025-04-01 01:41:40,Rael saved ~$25k annually,2025-04-01 02:22:18,1,0,
lauren@getrael.com,2025-04-01 01:54:35,Rael saved ~$25k annually,2025-04-01 02:25:41,2,0,
"minesh@eczemahoneyco.com,mineshpatelenterprise@gmail.com",2025-04-01 03:25:18,Eczema Honey saved ~$20k annually,2025-04-01 04:07:37,2,0,
"karina@eczemahoneyco.com,karinapatel14@gmail.com",2025-04-01 03:26:41,Eczema Honey saved ~$20k annually,2025-04-02 04:43:32,2,0,
danielle@dogsnaturallymagazine.com,2025-04-02 00:02:08,One time buyers -> Subscribers - Bovine Colostrum,2025-04-02 01:08:57,2,,
amy@dogsnaturallymagazine.com,2025-04-02 00:02:11,One time buyers -> Subscribers - Bovine Colostrum,2025-04-02 00:42:42,2,,
taryn@primallypure.com,2025-04-02 01:15:47,Primally Pure saved ~$32k annually,2025-04-02 01:45:27,1,0,
allison@primallypure.com,2025-04-02 01:17:40,Primally Pure saved ~$32k annually,2025-04-03 10:33:04,3,0,
sarah@primallypure.com,2025-04-02 01:18:16,Primally Pure saved ~$32k annually,2025-04-02 01:47:43,3,0,
brian@starfaceworld.com,2025-04-02 01:32:49,Starface World saved ~$18k annually,2025-04-02 01:35:33,1,0,
samantha@starfaceworld.com,2025-04-02 01:33:52,Starface World saved ~$18k annually,2025-04-02 02:00:58,2,0,
julie@starfaceworld.com,2025-04-02 01:34:38,Starface World saved ~$18k annually,2025-04-02 01:51:36,1,0,
maryclaire@starfaceworld.com,2025-04-02 01:35:28,Starface World saved ~$18k annually,2025-04-02 01:44:51,1,0,
sandy@xendurance.com,2025-04-02 01:56:56,Extreme Endurance - 1 click subscription Upsell,2025-04-02 03:09:53,1,0,
robyn@xendurance.com,2025-04-02 01:57:42,Extreme Endurance - 1 click subscription Upsell,2025-04-02 02:20:29,1,0,
jolie@xendurance.com,2025-04-02 01:58:22,Extreme Endurance - 1 click subscription Upsell,2025-04-02 02:05:06,1,0,
"aaron@august.la,aaron@aaronshinn.com",2025-04-02 22:34:16,Bourbon sugar black tea subscription,2025-04-24 23:56:48,3,,
gina@august.la,2025-04-02 22:34:23,Bourbon sugar black tea subscription,2025-04-02 22:48:30,1,,
kevin.krainson@vervecoffee.com,2025-04-02 22:34:42,Streetlevel coffee- 1 click subscription Upsell,2025-04-03 00:10:02,2,0,
jeff.woods@vervecoffee.com,2025-04-02 22:52:25,Streetlevel coffee- 1 click subscription Upsell,2025-04-02 22:53:12,1,0,
colby@vervecoffeeroasters.com,2025-04-02 22:55:00,Streetlevel coffee- 1 click subscription Upsell,2025-04-02 23:29:58,1,0,
katie.kelso@vervecoffee.com,2025-04-02 22:58:44,Streetlevel coffee- 1 click subscription Upsell,2025-04-02 23:08:41,1,0,
viraj@nustrips.com,2025-04-03 01:47:16,Loop Subscriptions / Because,2025-05-14 20:32:32,4,,
taryn@primallypure.com,2025-04-03 21:19:48,Loop Subscriptions / Primally Pure - Pushing my luck!,2025-04-08 20:02:40,2,0,
allison@primallypure.com,2025-04-03 21:21:14,Loop Subscriptions / Primally Pure - Pushing my luck!,2025-04-04 21:49:34,2,0,
sarah@primallypure.com,2025-04-03 21:22:33,Loop Subscriptions / Primally Pure - Pushing my luck!,2025-04-04 20:08:23,3,0,
kprice@oakessentials.com,2025-04-03 23:13:14,Loop Subscriptions / Oak Essentials - Pushing my luck!,2025-04-04 07:35:39,1,0,
ptran@oakessentials.com,2025-04-03 23:16:43,Loop Subscriptions / Oak Essentials - Pushing my luck!,2025-05-22 01:49:26,3,0,
ksardo@oakessentials.com,2025-04-03 23:17:31,Loop Subscriptions / Oak Essentials - Pushing my luck!,2025-04-04 01:28:45,2,0,
kieran@crisperkits.ca,2025-04-04 00:51:15,recharge -> Loop subscriptions - read your review!,2025-04-06 23:44:40,1,,
jon@theacmebox.com,2025-04-04 01:13:05,recharge -> Loop - Meal Subscriptions!,2025-04-04 04:45:20,1,,
karli@myvibrantmeals.com,2025-04-04 01:56:19,recharge -> Loop subscriptions,2025-04-08 01:07:49,13,,
kristjan@myvibrantmeals.com,2025-04-04 01:57:11,recharge -> Loop subscriptions,2025-04-04 05:33:12,4,,
marco@myvibrantmeals.com,2025-04-04 01:57:55,recharge -> Loop subscriptions,2025-04-04 18:43:35,3,,
mick@goodharvest.com.au,2025-04-04 02:06:34,recharge -> Loop subscriptions,2025-04-04 04:32:32,1,,
lee@texaslonestartamales.com,2025-04-04 02:16:30,recharge -> Loop subscriptions,2025-04-04 09:40:22,1,,
sales@texaslonestartamales.com,2025-04-04 02:16:54,recharge -> Loop subscriptions,2025-04-04 02:17:55,1,,
Kristjan Grimson,2025-04-04 04:04:33,recharge -> Loop subscriptions,2025-04-04 05:33:12,2,1,
"Karli Thomas,Kristjan Grimson,Marco Biscarini",2025-04-04 19:46:57,recharge -> Loop subscriptions,2025-04-16 22:48:16,6,0,
aricciardelli@rastellis.com,2025-04-04 21:25:06,recharge -> Loop subscriptions,2025-04-04 21:27:03,1,,
cjohnson@rastellis.com,2025-04-04 21:28:10,recharge -> Loop subscriptions,2025-04-04 21:28:59,1,,
mark@wholeharvest.com,2025-04-04 23:59:58,Meal subscriptions! Recharge -> Loop subscriptions,2025-04-05 01:49:05,2,,
bobbymorrisjr@gmail.com,2025-04-05 00:11:55,Meal subscriptions! Recharge -> Loop subscriptions,2025-04-05 00:12:12,1,,
"jon@alaskanseafoodguys.com,jwanderaas@gmail.com",2025-04-05 00:22:56,Meal subscriptions! Recharge -> Loop subscriptions,2025-04-05 00:24:17,1,,
ray@sprinly.com,2025-04-05 01:05:00,Meal subscriptions! Recharge -> Loop subscriptions,2025-04-08 23:57:31,1,,
mary@sprinly.com,2025-04-05 01:07:02,Meal subscriptions! Recharge -> Loop subscriptions,2025-04-05 02:16:04,1,,
kristi.trompower@sprinly.com,2025-04-05 01:07:46,Meal subscriptions! Recharge -> Loop subscriptions,2025-04-05 01:25:36,1,,
katherine.smith@sprinly.com,2025-04-05 01:08:38,Meal subscriptions! Recharge -> Loop subscriptions,2025-04-05 01:13:21,2,,
allison@primallypure.com,2025-04-09 01:35:10,I made a banner for Primally Pure!!!,2025-04-09 20:15:09,2,0,
sarah@primallypure.com,2025-04-09 01:36:00,I made a banner for Primally Pure!!!,2025-05-13 01:56:14,4,0,
joseph@myfreebird.com,2025-04-09 02:40:17,I made a banner for Freebird!!!,2025-04-09 04:30:02,2,0,
eugenia@myfreebird.com,2025-04-09 02:41:03,I made a banner for Freebird!!!,2025-04-09 22:35:18,3,0,
jake@freedom-grooming.com,2025-04-09 02:41:59,I made a banner for Freebird!!!,2025-04-09 03:16:00,1,0,
brian@kettleandfire.com,2025-04-09 03:43:43,I made a banner to reduce churn for Kettle & Fire!!!,2025-04-09 06:54:05,1,0,
max@wildplanetfoods.com,2025-04-09 22:59:56,Loop Subscriptions / Wild Planet - Expo West Meetup!,2025-04-09 23:01:06,1,1,
ellie@beekeepersnaturals.com,2025-04-09 23:59:44,Beekeeper's Naturals saved ~$32k annually,2025-04-10 00:22:32,1,0,
ariana@beekeepersnaturals.com,2025-04-10 00:01:20,Beekeeper's Naturals saved ~$32k annually,2025-04-10 00:42:23,1,0,
kirsten@beekeepersnaturals.com,2025-04-10 00:03:08,Beekeeper's Naturals saved ~$32k annually,2025-04-10 00:03:36,1,0,
carly@beekeepersnaturals.com,2025-04-10 00:04:39,Beekeeper's Naturals saved ~$32k annually,2025-04-10 00:05:21,1,0,
Harshit Gupta,2025-04-10 02:44:55,Truff / Loop Subscriptions - Expo West Meetup,2025-04-23 01:36:49,5,,
cate@e-fish.com,2025-04-10 20:35:00,Techstars / E-Fish - Meal Subscriptions!,2025-04-10 21:27:13,1,,
jeff@e-fish.com,2025-04-10 20:36:09,Techstars / E-Fish - Meal Subscriptions!,2025-04-21 23:59:47,3,,
matthew@e-fish.com,2025-04-10 20:37:48,Techstars / E-Fish - Meal Subscriptions!,2025-04-12 10:27:25,5,,
amandabarber330@gmail.com,2025-04-10 22:01:35,L-Nutra / Nutrition for Longetivity,2025-04-10 22:06:20,1,,
britt.royce@wondercide.com,2025-04-10 23:03:13,Wondercide / Loop Subscriptions,2025-04-11 05:00:18,1,,
kamilla.martini@wondercide.com,2025-04-10 23:04:45,Wondercide / Loop Subscriptions,2025-04-10 23:24:27,1,,
tim.beaird@wondercide.com,2025-04-10 23:05:10,Wondercide / Loop Subscriptions,2025-04-10 23:27:29,1,,
kieran@crisperkits.ca,2025-04-11 01:54:36,recharge -> Loop subscriptions - read your review!,2025-04-16 18:48:04,1,0,
jon@theacmebox.com,2025-04-11 01:56:19,recharge -> Loop - Meal Subscriptions!,2025-04-16 02:20:23,2,0,
mick@goodharvest.com.au,2025-04-11 02:00:53,Meal Subscriptions - recharge -> Loop,2025-04-18 19:18:27,1,0,
lee@texaslonestartamales.com,2025-04-11 02:01:40,Meal Subscriptions - recharge -> Loop,2025-04-11 02:01:59,1,0,
mark@wholeharvest.com,2025-04-11 02:03:59,Meal Subscriptions - recharge -> Loop,2025-04-12 21:34:03,2,0,
bobbymorrisjr@gmail.com,2025-04-11 02:04:44,Meal Subscriptions - recharge -> Loop,2025-04-23 01:04:34,2,0,
ray@sprinly.com,2025-04-11 02:05:45,Meal Subscriptions - recharge -> Loop,2025-04-11 11:21:25,1,0,
mary@sprinly.com,2025-04-11 02:08:10,Meal Subscriptions - recharge -> Loop,2025-04-11 04:53:18,1,0,
katherine.smith@sprinly.com,2025-04-11 02:08:55,Meal Subscriptions - recharge -> Loop,2025-04-11 17:03:41,2,0,
"stephanie@cocokind.com,stephanie.barbour@cocokind.com",2025-04-12 00:43:30,Oil to milk cleanser subscription,2025-04-12 09:55:02,2,,
maria@cocokind.com,2025-04-12 00:53:45,Oil to milk cleanser subscription,2025-04-22 21:49:29,2,,
araceli@cocokind.com,2025-04-12 00:56:11,Oil to milk cleanser subscription,2025-04-12 00:59:53,1,,
taylor.laska@cocokind.com,2025-04-12 01:03:25,Jessica Assaf / OSEA Malibu - Mutual,2025-04-12 01:04:03,1,,
amanda@winkylux.com,2025-04-12 01:18:28,WinkyLux / Yotpo Subscriptions,2025-04-12 01:24:24,2,0,
"olivia@winkylux.com,oliviam@winkylux.com",2025-04-12 01:20:31,Not able to connect with Jill / Yotpo,2025-04-20 17:24:56,5,0,
amber@daehair.com,2025-04-12 01:47:06,Willow Growth Partners / Dae Hair - Yotpo,2025-04-12 01:47:56,1,0,
shelby@daehair.com,2025-04-12 01:48:19,Willow Growth Partners / Dae Hair - Yotpo,2025-04-12 02:45:02,1,0,
"heather@juicebeauty.com,heatheranneshelton@gmail.com",2025-04-12 01:51:47,Juice Beauty / Yotpo,2025-04-12 09:14:43,1,0,
wendy@goodcleanlove.com,2025-04-12 02:09:25,Good Clean Love / Yotpo,2025-04-12 05:29:36,1,0,
rebekah@goodcleanlove.com,2025-04-12 02:10:03,Good Clean Love / Yotpo,2025-04-12 03:29:37,1,0,
brenda@goodcleanlove.com,2025-04-12 02:10:24,Good Clean Love / Yotpo,2025-04-12 02:10:49,1,0,
maya@goodcleanlove.com,2025-04-12 02:10:42,Good Clean Love / Yotpo,2025-04-12 02:16:03,1,0,
erica@goodcleanlove.com,2025-04-12 02:12:11,Good Clean Love / Yotpo,2025-04-14 17:42:38,1,0,
neilesh@livetinted.com,2025-04-12 02:23:08,Spoke on call - 03/07 - Yotpo Subscription,2025-04-12 05:37:37,2,0,
deepica@livetinted.com,2025-04-12 02:26:52,Live Tinted / Yotpo Subscriptions,2025-04-12 02:41:21,2,0,
Falynn Delfelder,2025-04-12 02:27:57,We spoke on call,2025-04-14 23:17:18,1,0,
monica@getrael.com,2025-04-12 02:29:10,Rael / Yotpo Subscriptions,2025-04-12 04:18:00,1,0,
yanghee@getrael.com,2025-04-12 02:30:25,Rael / Yotpo Subscriptions,2025-04-12 02:56:18,1,0,
lauren@getrael.com,2025-04-12 02:30:41,Rael / Yotpo Subscriptions,2025-04-15 12:00:31,2,0,
"naaman@pureformen.com,naamanesquivel@gmail.com",2025-04-12 02:57:04,Pure For Men / / Yotpo Subscriptions,2025-04-12 02:57:14,1,0,
joseph@mariobadescu.com,2025-04-12 03:00:17,Mario Badescu / Yotpo Subscriptions,2025-04-12 03:03:08,2,0,
"alexandra@mariobadescu.com,alexandrahindersah@gmail.com",2025-04-12 03:03:42,Mario Badescu / Yotpo Subscriptions,2025-04-12 03:07:43,1,0,
josephc@mariobadescu.com,2025-04-12 03:09:17,Mario Badescu / Yotpo Subscriptions,2025-04-12 03:13:49,1,0,
"meganp@mariobadescu.com,mpicurro@gmail.com",2025-04-12 03:10:40,Mario Badescu / Yotpo Subscriptions,2025-04-18 00:41:48,4,0,
carla@kromawellness.com,2025-04-12 03:13:46,We spoke on call - connecting again!,2025-04-13 23:33:38,5,0,
olivia@kromawellness.com,2025-04-12 03:18:17,Spoke to Lisa and Carla / Yotpo Subscriptions,2025-04-14 18:20:32,2,0,
lexi@kromawellness.com,2025-04-12 03:18:40,Spoke to Lisa and Carla / Yotpo Subscriptions,2025-04-15 05:55:39,3,0,
"levi@averraglow.com,levichulick@gmail.com,levi@blacksaltstudio.com",2025-04-12 03:21:36,Averr Aglow / / Yotpo Subscriptions,2025-04-12 03:50:46,2,0,
"cami@averraglow.com,cechulick@hotmail.com",2025-04-12 03:22:17,Averr Aglow / / Yotpo Subscriptions,2025-04-21 23:42:21,5,0,
"Wendi Harder,Julia Santos,Harshit Gupta",2025-04-12 03:34:29,Mayorga Coffee / / Yotpo Subscriptions,2025-04-12 16:57:58,3,0,
Bianca,2025-04-12 03:37:46,Spoke on Call / / Yotpo Subscriptions,2025-04-12 04:33:35,2,0,
martin@mayorgacoffee.com,2025-04-12 03:38:57,Loop Subscriptions / Mayorga Coffee - spoke to Bianca,2025-04-12 04:00:39,2,0,
erin@mayorgacoffee.com,2025-04-12 03:40:18,Loop Subscriptions / Mayorga Coffee - spoke to Bianca,2025-04-12 03:43:06,1,0,
carla@kromawellness.com,2025-04-14 00:23:17,We spoke on call - connecting again!,2025-04-14 18:20:21,1,0,
ericagray@lovewellness.com,2025-04-14 21:03:00,Loop Subscriptions / / Love Wellness,2025-04-14 21:11:55,1,0,
ilantito@lovewellness.com,2025-04-14 21:04:40,Loop Subscriptions / / Love Wellness,2025-04-15 03:22:42,1,0,
shivikasinha@lovewellness.com,2025-04-14 21:05:16,Loop Subscriptions / / Love Wellness,2025-04-14 21:19:58,1,0,
malia.obrien@unitehair.com,2025-04-14 21:26:31,Yotpo Subscriptions / Unite Hair,2025-04-25 06:31:55,3,0,
"dale@unitehair.com,dale@uniteeurotherapy.com",2025-04-14 21:27:33,Yotpo Subscriptions / Unite Hair,2025-04-15 10:36:12,2,0,
nicole.paradise@unitehair.com,2025-04-14 21:27:45,Yotpo Subscriptions / Unite Hair,2025-04-14 21:28:54,1,0,
jaclyn.goldbaum@unitehair.com,2025-04-14 21:28:03,Yotpo Subscriptions / Unite Hair,2025-04-14 21:30:47,1,0,
kiera.coskran@unitehair.com,2025-04-14 21:28:19,Yotpo Subscriptions / Unite Hair,2025-05-01 15:04:46,4,0,
samantha@starfaceworld.com,2025-04-14 21:33:57,Starface World / / Yotpo Subscriptions,2025-04-14 22:30:22,1,0,
julie@starfaceworld.com,2025-04-14 21:34:18,Starface World / / Yotpo Subscriptions,2025-04-24 02:05:45,1,0,
maryclaire@starfaceworld.com,2025-04-14 21:34:36,Starface World / / Yotpo Subscriptions,2025-04-14 22:30:15,1,0,
amanda@jeffreestarcosmetics.com,2025-04-14 22:07:57,Yotpo / Jeffree Star Cosmetics,2025-04-17 04:23:38,1,0,
"dallan@charterconnect.co,dallanearlwortham@gmail.com",2025-04-14 23:44:33,Redmond / / Yotpo Subscriptions,2025-04-15 01:13:44,3,0,
cheryl@dermelect.com,2025-04-14 23:51:41,Dermelect Cosmeceuticals / / Yotpo Subscriptions,2025-04-15 23:37:10,1,0,
"kelly@dermelect.com,kellyadesousa@gmail.com",2025-04-14 23:55:56,Dermelect Cosmeceuticals / / Yotpo Subscriptions,2025-04-16 08:46:21,1,0,
nick@theprepkitchen.com,2025-04-15 00:17:53,recharge -> Loop subscriptions,2025-05-09 06:00:21,3,,
joe@theprepkitchen.com,2025-04-15 00:18:48,recharge -> Loop subscriptions,2025-05-05 06:18:52,3,,
casey@theprepkitchen.com,2025-04-15 00:19:22,recharge -> Loop subscriptions,2025-04-15 08:47:19,1,,
"matt@mosaicfoods.com,matthew.davis@mosaicfoods.com",2025-04-15 01:28:12,recharge -> Loop subscriptions,2025-04-15 02:54:35,2,,
jose.sanchez@mosaicfoods.com,2025-04-15 01:28:54,recharge -> Loop subscriptions,2025-05-06 22:30:56,5,,
jonathan@transformhq.com,2025-04-15 02:27:45,We spoke on call - the cold call guy,2025-04-15 03:12:34,2,0,
brookew@purlisse.com,2025-04-15 02:33:33,Yotpo - Yensa & Purlisse,2025-04-15 04:27:45,2,1,
metis@purlisse.com,2025-04-15 02:34:21,Yotpo - Yensa & Purlisse,2025-04-15 02:40:05,2,0,
jaehee@purlisse.com,2025-04-15 02:35:16,We spoke on call - Yotpo,2025-04-15 04:49:22,1,0,
abeer@dcblab.com,2025-04-16 01:33:24,From Finance Intern to VP - had to reach out!,2025-04-16 20:53:08,3,0,
Harshit Gupta,2025-04-16 03:20:31,Meal 2nd email,2025-04-16 15:50:53,3,0,
liam@hnyplus.com,2025-04-16 21:30:56,To a former sales rep (CrowdStrike) turned Co-founder,2025-04-16 23:58:13,1,,
ross@hnyplus.com,2025-04-16 21:31:37,To a former sales rep (CrowdStrike) turned Co-founder,2025-04-18 04:33:12,2,,
luke@hnyplus.com,2025-04-16 21:55:50,Loop Subscriptions / / HNY+,2025-06-10 04:18:19,5,,
stephane@kreyolessence.com,2025-04-17 00:32:07,not able to buy bundle subscriptions,2025-04-17 00:32:27,1,,
"anne@kreyolessence.com,annecarolineverret1@gmail.com",2025-04-17 00:43:31,not able to buy bundle subscriptions,2025-04-17 01:14:06,2,,
sam@skylinebeautygroup.com,2025-04-17 01:09:23,Loop Subscriptions / / Skyline Beauty Group,2025-04-22 01:49:08,1,,
Luke Smialowicz,2025-04-17 02:01:51,Loop Subscriptions / / HNY+,2025-04-23 12:22:55,2,1,
niccolo@kettleandfire.com,2025-04-17 02:13:53,Kettle & Fire - One time buyers -> subscribers,2025-04-17 02:19:38,1,0,
ryan@rhonutrition.com,2025-04-17 20:21:40,Rho Nutrition / / Loop Subscriptions,2025-04-17 20:41:46,2,,
eshaver@rocskincare.com,2025-04-17 20:49:11,OSEA Malibu / / RoC Skincare,2025-04-17 20:57:01,1,,
hhutcheson@rocskincare.com,2025-04-17 20:49:48,OSEA Malibu / / RoC Skincare,2025-04-17 21:20:42,1,,
john@avajaneskitchen.com,2025-04-17 21:11:46,Loop Subscriptions / / Ava Jane's Kitchen,2025-04-18 03:09:10,2,,
monica@naturalcatchtuna.com,2025-04-18 00:36:01,Natural Catch Tuna / / Loop Subscriptions,2025-04-18 00:40:27,2,,
"meganp@mariobadescu.com,mpicurro@gmail.com",2025-04-18 01:14:17,Loop Subscriptions / / Trying to connect since Feb 06,2025-04-18 01:26:53,2,,
brookew@purlisse.com,2025-04-18 01:21:48,Yotpo - Yensa & Purlisse / saved ~$40k,2025-05-27 21:14:31,8,0,
"dallan@charterconnect.co,dallanearlwortham@gmail.com",2025-04-18 01:28:52,Yotpo - Redmond / saved ~$42k,2025-04-18 02:35:21,3,0,
jonathan@transformhq.com,2025-04-18 01:32:18,Yotpo - TransformHQ / saved ~$42k,2025-04-22 20:23:27,2,0,
Luke Smialowicz,2025-04-18 02:51:19,Loop Subscriptions / / HNY+,2025-04-23 23:10:42,3,1,
nick@theprepkitchen.com,2025-04-21 22:34:54,Meal Subscriptions - recharge -> Loop subscriptions,2025-05-08 18:31:19,6,0,
joe@theprepkitchen.com,2025-04-21 22:35:31,Meal Subscription - recharge -> Loop subscriptions,2025-05-14 11:55:57,5,0,
casey@theprepkitchen.com,2025-04-21 22:36:16,Meal Subscription - recharge -> Loop subscriptions,2025-04-23 02:34:27,1,0,
"matt@mosaicfoods.com,matthew.davis@mosaicfoods.com",2025-04-21 22:37:32,Meal Subscription - recharge -> Loop subscriptions,2025-04-21 22:57:15,1,0,
jose.sanchez@mosaicfoods.com,2025-04-21 22:38:46,Meal Subscription - recharge -> Loop subscriptions,2025-04-22 01:48:46,2,0,
cate@e-fish.com,2025-04-21 23:54:00,Techstars / E-Fish - Meal Subscriptions!,2025-04-22 03:30:23,1,0,
jeff@e-fish.com,2025-04-21 23:56:28,Techstars / E-Fish - Meal Subscriptions!,2025-04-25 22:05:10,3,0,
amandabarber330@gmail.com,2025-04-21 23:58:28,L-Nutra / Nutrition for Longetivity,2025-04-22 00:03:25,1,0,
Harshit Gupta,2025-04-22 01:37:54,3rd and last email for Meal brands.,2025-04-22 05:36:51,3,,
jon@theacmebox.com,2025-04-22 02:18:15,recharge -> Loop - Meal Subscriptions!,2025-04-22 22:42:32,1,0,
"justin@whatacrockmeals.com,jwest@whatacrockmeals.com",2025-04-22 02:20:02,Recharge -> Loop subscriptions - read your review!,2025-04-22 04:40:48,2,0,
mick@goodharvest.com.au,2025-04-22 02:20:52,Meal Subscriptions - recharge -> Loop,2025-04-24 18:50:46,1,0,
lee@texaslonestartamales.com,2025-04-22 02:21:14,Meal Subscriptions - recharge -> Loop,2025-04-22 02:21:34,1,0,
sales@texaslonestartamales.com,2025-04-22 02:21:40,Meal Subscriptions - recharge -> Loop,2025-04-22 02:25:26,1,0,
aricciardelli@rastellis.com,2025-04-22 02:22:00,Meal Subscriptions - recharge -> Loop,2025-04-22 02:22:44,1,5,
cjohnson@rastellis.com,2025-04-22 02:22:24,Meal Subscriptions - recharge -> Loop,2025-04-22 02:23:56,1,5,
mark@wholeharvest.com,2025-04-22 02:28:03,Meal Subscriptions - recharge -> Loop,2025-04-24 02:25:23,2,0,
bobbymorrisjr@gmail.com,2025-04-22 02:28:40,Meal Subscriptions - recharge -> Loop,2025-04-23 01:04:34,1,0,
"jon@alaskanseafoodguys.com,jwanderaas@gmail.com",2025-04-22 02:29:22,Meal Subscriptions - recharge -> Loop,2025-04-22 03:27:23,1,0,
ray@sprinly.com,2025-04-22 02:30:13,Meal Subscriptions - recharge -> Loop,2025-04-22 02:41:15,1,0,
mary@sprinly.com,2025-04-22 02:31:19,Sprinly / / Loop Subscriptions,2025-04-22 07:00:43,2,0,
katherine.smith@sprinly.com,2025-04-22 02:32:27,Loop Subscriptions / / Sprinly,2025-04-22 02:38:37,1,0,
tatiana@cleanskinclub.com,2025-04-22 23:28:36,Loop Subscriptions / / Clean Skin Club,2025-04-22 23:57:11,1,,
ben@cleanskinclub.com,2025-04-22 23:28:42,Loop Subscriptions / / Clean Skin Club,2025-05-17 21:49:30,2,,
stephanie.barbour@cocokind.com,2025-04-23 00:11:34,Cocokind / / Loop Subscriptions,2025-04-23 00:18:19,1,0,
araceli@cocokind.com,2025-04-23 00:13:37,Cocokind / / Loop Subscriptions,2025-04-23 00:13:56,1,0,
Purna Singh,2025-04-23 00:15:25,Truff / Loop Subscriptions - Expo West Meetup,2025-04-23 01:27:47,3,,
taylor.laska@cocokind.com,2025-04-23 00:17:11,Cocokind / / Loop Subscriptions / / OSEA Malibu,2025-04-23 01:44:45,1,0,
maria@cocokind.com,2025-04-23 00:18:38,Cocokind / / Loop Subscriptions / / OSEA Malibu,2025-04-23 00:20:09,1,0,
"sabrina@veracityselfcare.com,sabrinavpereira@gmail.com",2025-04-23 02:16:08,Veracity Selfcare / / Global Founders Capital,2025-04-25 09:50:51,3,0,
"emily.andrews@veracityselfcare.com,eporterandrews@gmail.com",2025-04-23 02:22:13,Veracity Selfcare / / Global Founders Capital,2025-04-29 00:22:07,1,0,
maeve.aherne@veracityselfcare.com,2025-04-23 02:24:45,Veracity Selfcare / / Global Founders Capital,2025-04-23 02:25:02,1,0,
"Harshit Gupta,Dashrath Rajpurohit",2025-04-23 21:02:45,Loop Subscriptions / / HNY+,2025-04-25 01:42:04,6,,
Luke Smialowicz,2025-04-23 23:09:45,Loop Subscriptions / / HNY+,2025-04-26 23:34:49,3,,
denise@xmondohair.com,2025-04-24 00:24:05,Can't buy subscriptions on bundles,2025-04-24 00:36:35,1,,
jay@areygrey.com,2025-04-24 01:52:19,Arey / / Loop Subscriptions,2025-04-24 21:14:44,2,,
allison@areygrey.com,2025-04-24 01:54:20,Arey / / Loop Subscriptions,2025-04-24 02:15:52,1,,
brookew@purlisse.com,2025-04-24 02:04:27,Purlisse // Loop Subscriptions // Yensa,2025-04-24 04:13:47,2,0,
"cami@averraglow.com,cechulick@hotmail.com",2025-04-24 02:07:52,Averr Aglow / Loop Subscriptions,2025-04-24 21:34:45,2,0,
"levi@averraglow.com,levichulick@gmail.com,levi@blacksaltstudio.com",2025-04-24 02:08:26,Averr Aglow / / Loop Subscriptions,2025-04-24 22:46:07,4,0,
"dallan@charterconnect.co,dallanearlwortham@gmail.com",2025-04-24 02:12:49,Loop Subscriptions / / Redmond,2025-04-24 02:43:37,3,0,
jonathan@transformhq.com,2025-04-24 02:14:12,Loop Subscriptions / / TransformHQ,2025-04-25 02:00:02,1,0,
neilesh@livetinted.com,2025-04-24 02:20:09,Spoke on call - 03/07 - Yotpo Subscription,2025-04-24 02:22:29,1,0,
erin@mayorgacoffee.com,2025-04-24 02:22:06,Loop Subscriptions / / Mayorga Coffee,2025-04-24 03:27:10,1,0,
Bianca,2025-04-24 02:23:43,Spoke on Call / / Yotpo Subscriptions,2025-04-24 02:45:34,1,0,
samantha@starfaceworld.com,2025-04-24 02:28:44,Starface World / / Loop Subscriptions,2025-04-24 20:50:02,2,0,
julie@starfaceworld.com,2025-04-24 02:29:08,Starface World / / Loop Subscriptions,2025-04-24 10:25:31,1,0,
maryclaire@starfaceworld.com,2025-04-24 02:29:24,Starface World / / Loop Subscriptions,2025-04-24 03:10:04,1,0,
Purna Singh,2025-04-24 21:53:45,Loop Subscriptions / / HNY+,2025-04-30 14:23:49,1,,
Purna Singh,2025-04-24 21:56:39,I made a banner for Primally Pure!!!,2025-08-01 18:16:27,4,,
Levi Chulick,2025-04-24 23:36:40,Averr Aglow / / Loop Subscriptions,2025-04-25 02:15:24,2,,
Aaron Shinn,2025-04-25 00:18:35,August Uncommon Tea / / Loop Subscriptions,2025-04-29 02:18:05,6,2,
"olivia@winkylux.com,oliviam@winkylux.com",2025-04-25 00:29:27,Winky Lux / / Loop Subscriptions,2025-05-24 01:40:24,7,0,
amanda@winkylux.com,2025-04-25 00:31:17,WinkyLux / / Loop Subscriptions,2025-04-25 01:31:59,1,0,
jill@winkylux.com,2025-04-25 00:31:57,Winky Lux / / Loop Subscriptions,2025-04-25 00:32:17,1,0,
Luke Smialowicz,2025-04-25 01:05:59,Loop Subscriptions / / HNY+,2025-04-27 00:47:41,2,0,
shelby@daehair.com,2025-04-25 01:30:54,Loop Subscriptions / / Dae Hair,2025-04-25 03:07:54,1,0,
nick@theprepkitchen.com,2025-04-25 21:22:07,Loop subscriptions / / The Prep Kitchen,2025-05-08 17:35:44,7,0,
joe@theprepkitchen.com,2025-04-25 21:22:58,Loop subscriptions / / The Prep Kitchen,2025-05-14 10:26:23,4,0,
casey@theprepkitchen.com,2025-04-25 21:23:20,Loop subscriptions / / The Prep Kitchen,2025-04-26 01:23:48,1,0,
"matt@mosaicfoods.com,matthew.davis@mosaicfoods.com",2025-04-25 21:24:39,Loop subscriptions / / Mosaic Foods,2025-04-28 02:40:46,2,0,
jose.sanchez@mosaicfoods.com,2025-04-25 21:25:38,Loop subscriptions / / Mosaic Foods,2025-04-26 01:15:18,1,0,
jeff@e-fish.com,2025-04-25 21:27:24,Techstars / E-Fish - Meal Subscriptions!,2025-04-26 00:04:43,2,0,
rscherer@eat2explore.com,2025-04-25 21:30:01,eat2explore / / Loop Subscriptions,2025-04-25 21:35:08,1,2,
trisha@eat2explore.com,2025-04-25 21:32:03,eat2explore / / Loop Subscriptions,2025-04-25 21:46:06,1,2,
Aaron Shinn,2025-04-25 21:48:05,August Uncommon Tea / / Loop Subscriptions,2025-04-25 21:48:12,1,,
amandabarber330@gmail.com,2025-04-25 21:50:10,L-Nutra / Nutrition for Longetivity,2025-04-25 21:53:37,1,0,
Aaron Shinn,2025-04-28 22:39:20,August Uncommon Tea / / Loop Subscriptions,2025-04-29 01:31:01,2,0,
Harshit Gupta,2025-04-28 22:39:51,AARON - Email,2025-04-29 07:08:22,2,,
alexa@rajanimd.com,2025-04-30 01:29:31,RajaniMD / / Loop Subscriptions - Reconnecting!,2025-05-16 11:26:20,30,,
vasu@dosedaily.co,2025-04-30 23:14:17,Loop Subscriptions / / Dose - Connecting again!,2025-05-15 22:27:12,8,,
matt@wanderingbearcoffee.com,2025-05-01 00:39:02,Loop Subscriptions / / Wandering Bear Coffee,2025-05-01 01:01:38,2,,
ben@wanderingbearcoffee.com,2025-05-01 00:39:58,Loop Subscriptions / / Wandering Bear Coffee,2025-05-01 08:59:59,1,,
megan@wanderingbearcoffee.com,2025-05-01 00:40:18,Loop Subscriptions / / Wandering Bear Coffee,2025-05-01 23:24:41,2,,
Luke Smialowicz,2025-05-01 01:51:13,HNY+ / / Loop Subscriptions - Further to our call,2025-05-01 05:34:27,1,0,
Cody Griffin,2025-05-01 23:12:15,My Misogi Challenge Ft. Mauricio and Cora (Osea),2025-05-01 23:43:53,1,,
kate@firstday.com,2025-05-01 23:39:52,Spoke to Cody and Mauricio - First Day!,2025-05-02 00:11:37,1,0,
Amanda Liew Hill,2025-05-01 23:44:44,Spoke to Cody and Mauricio - Reference!,2025-05-02 00:03:38,2,0,
"Vedant Kothari,Harshit Gupta",2025-05-02 01:23:24,Spoke to you - Nov'23 / Waiting for your text,2025-05-02 01:34:21,2,0,
Shivangi Gupta,2025-05-02 01:41:00,DPS RK Puram / Delhi -> Dose,2025-05-03 18:35:00,1,0,
Vasu Goyal,2025-05-02 01:48:39,"Deloitte, Gurgaon / / Dose - Loop Subscriptions",2025-08-09 00:28:18,4,0,
ben.c@partnerscoffee.com,2025-05-02 05:46:15,Partners Coffee / / Loop Subscriptions,2025-05-02 09:07:43,1,,
jason@madvikingbeard.com,2025-05-02 06:06:46,Loop Subscriptions / / Mad Viking Beard,2025-05-06 22:33:13,2,,
Jason Sealand,2025-05-02 20:57:01,Loop Subscriptions / / Mad Viking Beard,2025-07-09 23:14:51,3,1,
"cathy@naturopathica.com,Cathy OBrien",2025-05-02 22:25:37,Naturopathica / / Loop Subscriptions,2025-05-02 22:26:01,2,,
Matt White,2025-05-02 22:40:20,Happy Hippo / / Loop Subscriptions - connecting again!,2025-05-02 22:40:53,1,,
Jeremy DeLuca,2025-05-02 22:40:26,Happy Hippo / / Loop Subscriptions - connecting again!,2025-05-03 03:16:00,3,,
Cherene Aubert,2025-05-02 22:59:24,Ilia Beauty / / Loop Subscriptions,2025-05-15 05:49:02,3,,
Nicole Kiester,2025-05-02 23:00:05,Ilia Beauty / / Loop Subscriptions,2025-05-02 23:00:25,1,,
Liz C.,2025-05-02 23:00:43,Ilia Beauty / / Loop Subscriptions,2025-05-03 00:09:50,1,,
Lauren Bender,2025-05-02 23:05:03,Ilia Beauty / / Loop Subscriptions,2025-05-05 09:40:52,2,,
Jill Keiser,2025-05-06 23:16:52,Winky Lux / / Loop Subscriptions - One last try!,2025-05-24 00:15:52,1,0,
Amanda Pierce,2025-05-06 23:17:52,WinkyLux / / Loop Subscriptions - One last try!,2025-05-06 23:20:13,1,0,
"Olivia Martin,oliviam@winkylux.com",2025-05-06 23:21:43,Winky Lux / / Loop Subscriptions - One Last Try!,2025-05-21 21:28:47,8,0,
kiera.coskran@unitehair.com,2025-05-06 23:29:32,Yotpo Subscriptions / Unite Hair - One last try!,2025-05-06 23:41:59,1,0,
"Heather Shelton,heatheranneshelton@gmail.com",2025-05-06 23:32:37,Juice Beauty / Yotpo - One last try!,2025-05-07 10:56:19,1,0,
deepica@livetinted.com,2025-05-06 23:42:14,Live Tinted // Loop Subscriptions - One Last Try!,2025-05-07 22:16:02,1,0,
"Naaman Esquivel,naamanesquivel@gmail.com",2025-05-06 23:54:30,Pure For Men // Yotpo Subscriptions - One last try!,2025-05-06 23:57:48,1,0,
Erin Dall,2025-05-06 23:57:34,Loop Subscriptions // Mayorga Coffee - One last try!,2025-05-06 23:59:03,1,0,
martin@mayorgacoffee.com,2025-05-06 23:58:25,Loop Subscriptions // Mayorga Coffee - One last try!,2025-05-07 00:00:16,2,0,
Bianca,2025-05-06 23:59:20,Spoke on Call // Yotpo Subscriptions - One last try!,2025-05-08 23:37:30,2,0,
"dallan@charterconnect.co,dallanearlwortham@gmail.com",2025-05-07 00:01:11,Loop Subscriptions // Redmond - One last try!,2025-05-07 00:42:39,2,0,
Brooke Wastler,2025-05-07 00:02:08,Purlisse // Loop Subscriptions // Yensa - One last try!,2025-05-07 00:15:33,1,0,
Jonathan Salas,2025-05-07 00:03:18,Loop Subscriptions // TransformHQ - One last try!,2025-05-07 00:04:34,1,0,
samantha@starfaceworld.com,2025-05-07 00:04:25,Starface World // Yotpo Subscriptions - One last try!,2025-05-07 00:20:49,2,0,
julie@starfaceworld.com,2025-05-07 00:05:01,Starface World // Yotpo Subscriptions - One last try!,2025-05-15 23:55:51,1,0,
maryclaire@starfaceworld.com,2025-05-07 00:05:43,Starface World // Yotpo Subscriptions - One last try!,2025-05-07 00:12:14,1,0,
Alexa Shuman,2025-05-07 01:01:16,RajaniMD // Loop Subscriptions - Churn reduction!,2025-05-07 02:03:42,1,0,
ray@sprinly.com,2025-05-07 20:58:01,Migration! ReCharge -> Loop Subscriptions,2025-05-08 02:08:14,2,0,
mary@sprinly.com,2025-05-07 20:59:17,Migration! ReCharge -> Loop Subscriptions,2025-05-07 23:13:52,2,0,
katherine.smith@sprinly.com,2025-05-07 21:00:55,Migration! ReCharge -> Loop Subscriptions,2025-05-07 21:27:36,1,0,
mark@wholeharvest.com,2025-05-07 21:41:38,Migration! ReCharge -> Loop Subscriptions,2025-05-11 18:28:21,2,0,
aricciardelli@rastellis.com,2025-05-07 21:42:42,Migration! ReCharge -> Loop Subscriptions,2025-05-07 21:43:29,1,8,
cjohnson@rastellis.com,2025-05-07 21:43:11,Migration! ReCharge -> Loop Subscriptions,2025-05-07 21:43:51,1,6,
Mick Dan,2025-05-07 21:50:42,Migration! ReCharge -> Loop Subscriptions,2025-05-07 22:29:20,1,0,
Jon Epps,2025-05-07 21:58:43,Migration! ReCharge -> Loop Subscriptions,2025-05-10 05:54:29,2,0,
amandabarber330@gmail.com,2025-05-07 22:24:42,Migration! ReCharge -> Loop Subscriptions,2025-05-07 22:34:13,1,0,
cate@e-fish.com,2025-05-07 22:27:48,Migration! ReCharge -> Loop Subscriptions,2025-05-07 22:29:49,1,0,
jeff@e-fish.com,2025-05-07 22:28:16,Migration! ReCharge -> Loop Subscriptions,2025-05-08 05:55:30,1,0,
"matt@mosaicfoods.com,Matthew Davis",2025-05-07 22:31:19,Migration! ReCharge -> Loop Subscriptions,2025-05-08 01:02:10,2,0,
Jose Sanchez,2025-05-07 22:32:12,Migration! ReCharge -> Loop Subscriptions,2025-05-07 23:23:24,1,0,
Joe Shaw,2025-05-07 22:33:49,Migration! ReCharge -> Loop Subscriptions,2025-05-31 14:57:26,8,0,
casey@theprepkitchen.com,2025-05-07 22:34:32,Migration! ReCharge -> Loop Subscriptions,2025-05-08 09:03:10,1,0,
Nick Corso,2025-05-07 22:35:22,Migration! ReCharge -> Loop Subscriptions,2025-06-03 16:48:10,5,0,
Evadney Petgrave,2025-05-08 00:39:41,Loop Subscriptions // Ordergroove - Out of the box!,2025-05-08 23:21:15,1,,
Jillian Ruggiero,2025-05-08 00:42:28,Loop Subscriptions // Ordergroove - Out of the box!,2025-05-08 00:42:42,1,,
"lindsey.berkowitz@skinfixinc.com,lindseyberkowitz@gmail.com",2025-05-08 00:45:00,Loop Subscriptions // Ordergroove - Out of the box!,2025-05-08 19:40:36,2,,
dan.mettler@megafood.com,2025-05-08 00:49:13,MegaFood // Loop Subscriptions,2025-05-08 00:49:44,2,,
Harshit Gupta,2025-05-08 01:01:01,Purlisse // Loop Subscriptions // Yensa - One last try!,2025-05-08 01:03:54,2,,
sarah.lombard@megafood.com,2025-05-08 01:41:22,MegaFood // Loop Subscriptions,2025-05-08 01:41:59,2,,
matt.smith@megafood.com,2025-05-08 01:41:59,MegaFood // Loop Subscriptions,2025-05-08 01:43:22,2,,
barbara.diecker@megafood.com,2025-05-08 01:42:28,MegaFood // Loop Subscriptions,2025-05-08 01:42:57,2,,
"michaela.clint@megafood.com,michaela@megafood.com",2025-05-08 01:43:15,MegaFood // Loop Subscriptions,2025-05-08 01:43:34,2,,
Luke Smialowicz,2025-05-09 01:49:02,Loop Subscriptions // HNY+ - Dynamic Banner!,2025-05-09 02:04:57,1,0,
liam@hnyplus.com,2025-05-09 02:05:06,Spoke to Luke - Looping you in!,2025-05-09 03:09:24,1,0,
ross@hnyplus.com,2025-05-09 02:06:04,Spoke to Luke - Looping you in!,2025-05-09 03:57:57,5,0,
Samantha McGinnis,2025-05-09 02:23:08,Live it up // Loop Subscriptions,2025-05-09 19:04:49,2,,
Sophia Jin,2025-05-09 02:26:40,Live it up // Loop Subscriptions,2025-05-20 09:48:41,5,,
mike@artofenso.com,2025-05-09 02:27:18,Live it up // Loop Subscriptions,2025-05-09 03:52:06,1,,
Luke Garlock,2025-05-09 02:28:33,Live it up // Loop Subscriptions,2025-05-09 02:31:46,1,,
Taylor Lamb,2025-05-09 21:51:52,Juna // Loop Subscriptions,2025-05-15 06:41:58,1,,
lisa.schaefer@promescent.com,2025-05-09 22:19:03,Promescent // Loop Subscriptions,2025-05-09 22:19:18,1,,
Kimberly Price,2025-05-10 00:00:54,Loop Subscriptions // Oak Essentials,2025-05-10 00:30:23,1,0,
Whitney Lundgren,2025-05-10 00:01:23,Loop Subscriptions // Oak Essentials,2025-05-12 22:57:48,1,0,
Katie Martello Sardo,2025-05-10 00:03:25,Loop Subscriptions // Oak Essentials,2025-05-10 00:35:35,1,0,
Lauren Harris,2025-05-10 00:04:26,Loop Subscriptions // Oak Essentials,2025-05-10 00:45:30,1,0,
ptran@oakessentials.com,2025-05-10 00:10:13,Loop Subscriptions // Oak Essentials,2025-05-22 01:45:14,3,0,
"Doreen Siboni,DoreenHalaf@gmail.com",2025-05-10 00:27:43,Royo // Loop Subscriptions,2025-05-13 07:04:16,4,0,
Joe Shaw,2025-05-10 01:03:37,Loop Subscriptions // The Prep Kitchen,2025-06-05 11:57:24,7,0,
casey@theprepkitchen.com,2025-05-10 01:05:30,Loop Subscriptions // The Prep Kitchen,2025-05-10 05:05:19,1,0,
Nick Corso,2025-05-10 01:05:47,Loop Subscriptions // The Prep Kitchen,2025-05-26 18:25:18,5,0,
olivar@neurogan.com,2025-05-10 01:07:45,Neurogan // Loop Subscriptions,2025-05-10 01:08:35,2,2,
jbr@neurogan.com,2025-05-10 01:12:26,Neurogan // Loop Subscriptions,2025-05-10 01:13:16,2,2,
alexander@neurogan.com,2025-05-10 01:12:47,Neurogan // Loop Subscriptions,2025-05-10 01:13:39,2,2,
nicklas@neurogan.com,2025-05-10 01:13:05,Neurogan // Loop Subscriptions,2025-05-10 01:13:49,2,2,
"hannab@indeedlabs.com,hannabanaei@gmail.com",2025-05-10 01:17:16,Indeed Labs // Loop Subscriptions,2025-05-10 01:25:28,1,0,
"Jasmine Yu,jasmineypy0412@gmail.com",2025-05-10 01:17:47,Indeed Labs // Loop Subscriptions,2025-05-20 07:58:37,2,0,
Daniel Novak,2025-05-10 01:42:40,Landish // Loop Subscriptions,2025-05-10 02:32:22,5,,
erin@landish.ca,2025-05-10 01:43:26,Landish // Loop Subscriptions,2025-05-10 01:43:42,1,,
ying@furtunaskin.com,2025-05-10 02:09:00,Furtuna Skin // Loop Subscriptions,2025-05-10 04:46:39,1,,
Kinsey Butler,2025-05-10 02:48:41,Boka // Loop Subscriptions,2025-05-10 02:50:59,1,,
sarah@goessor.com,2025-05-10 02:49:11,Boka // Loop Subscriptions,2025-05-10 05:41:24,1,,
"Minesh Patel,mineshpatelenterprise@gmail.com",2025-05-10 03:32:13,Eczema Honey // Loop Subscriptions,2025-05-10 03:36:14,5,0,
"Karina P.,karinapatel14@gmail.com",2025-05-10 03:32:44,Eczema Honey // Prive Subscriptions,2025-05-12 08:55:23,2,0,
Ellie Bresler,2025-05-13 00:05:27,Cavu Consumer & Pareto Holdings - Beekeeper's Subscription,2025-05-13 02:12:58,3,0,
Ariana Beavers,2025-05-13 00:06:18,Cavu Consumer & Pareto Holdings - Beekeeper's Subscription,2025-05-13 00:17:05,1,0,
Kirsten Koch,2025-05-13 00:07:03,Cavu Consumer & Pareto Holdings - Beekeeper's Subscription,2025-05-13 00:07:31,1,0,
Carly Kremer,2025-05-13 00:07:40,Cavu Consumer & Pareto Holdings - Beekeeper's Subscription,2025-05-13 02:27:19,1,0,
Allison Hurst,2025-05-13 01:48:04,Primally Pure // Loop Subscriptions,2025-05-15 09:05:24,2,0,
Sarah Jessup,2025-05-13 01:48:55,Primally Pure // Loop Subscriptions,2025-05-15 19:48:56,2,0,
Taryn Maloy,2025-05-13 01:49:31,Primally Pure // Loop Subscriptions,2025-05-13 18:42:35,1,0,
liam@hnyplus.com,2025-05-13 02:02:04,HNY+ // Loop Subscriptions - Dynamic Banner,2025-05-13 03:35:31,1,0,
Luke Smialowicz,2025-05-13 02:05:04,Further to our call - Loop Subscriptions // HNY+,2025-06-10 04:20:14,2,0,
Kevin Krainson,2025-05-13 03:20:08,Four Sigmatic // Verve Coffee Roasters,2025-05-19 06:37:22,2,0,
Jeff Woods,2025-05-13 03:21:19,Four Sigmatic // Verve Coffee Roasters,2025-05-13 03:24:07,1,0,
sophia.petralia@vervecoffee.com,2025-05-13 03:21:59,Four Sigmatic // Verve Coffee Roasters,2025-05-13 03:25:01,1,0,
Katie N/A,2025-05-13 03:22:38,Four Sigmatic // Verve Coffee Roasters,2025-05-13 03:42:10,1,0,
Ryan O'Donovan,2025-05-13 03:23:11,Four Sigmatic // Verve Coffee Roasters,2025-05-13 03:26:12,2,0,
Alexa Shuman,2025-05-13 03:27:56,RajaniMD // Loop Subscriptions,2025-05-13 03:28:52,1,0,
Brian Chuc,2025-05-13 03:33:20,Truff / Loop Subscriptions - Expo West Meetup,2025-05-13 03:51:03,1,0,
danielle@matchaful.com,2025-05-13 20:47:01,Matchaful x OSEA // Loop Subscriptions,2025-05-13 21:06:47,1,,
julian@matchaful.com,2025-05-13 20:47:55,Matchaful x OSEA // Loop Subscriptions,2025-05-13 21:50:51,2,,
hannah@matchaful.com,2025-05-13 20:49:23,Matchaful x OSEA Malibu // Loop Subscriptions,2025-05-14 11:23:37,6,,
jason@matchaful.com,2025-05-13 20:49:52,Matchaful x OSEA // Loop Subscriptions,2025-05-15 20:17:28,2,,
olivia@bowmarshop.com,2025-05-13 23:23:30,Bowmar Nutrition // Loop Subscriptions,2025-05-17 11:53:57,2,,
mjohnson@bowmarshop.com,2025-05-13 23:30:31,Bowmar Nutrition // Loop Subscriptions,2025-07-08 22:23:41,5,,
Ben Charland,2025-05-14 00:01:42,Partners Coffee // Four Sigmatic - Loop Subscriptions,2025-05-14 00:02:45,1,0,
Andrew Costaris,2025-05-14 00:02:46,Partners Coffee // Loop Subscriptions,2025-05-14 00:38:48,2,,
Elizabeth Shaver,2025-05-14 00:12:22,OSEA Malibu // RoC Skincare - Loop Subscriptions,2025-05-14 00:15:22,2,0,
Hillary Hutcheson,2025-05-14 00:15:14,OSEA Malibu // RoC Skincare - Loop Subscriptions,2025-05-14 00:17:08,2,1,
rachel.g@partnerscoffee.com,2025-05-14 00:24:29,Partners Coffee // Loop Subscriptions,2025-05-14 00:29:26,1,,
John Cawrse,2025-05-14 00:28:27,Loop Subscriptions // Ava Jane's Kitchen - Churn,2025-05-14 01:29:26,1,0,
Stephanie Barbour,2025-05-14 00:45:28,Cocokind // OSEA Malibu - Loop Subscriptions,2025-05-14 00:49:26,1,0,
Araceli Quintero,2025-05-14 00:47:04,Cocokind // OSEA Malibu - Loop Subscriptions,2025-05-14 00:49:32,1,0,
Taylor L.,2025-05-14 00:47:38,Cocokind // OSEA Malibu - Loop Subscriptions,2025-05-20 01:46:39,1,0,
Maria Maciejowski,2025-05-14 00:48:41,Cocokind // OSEA Malibu - Loop Subscriptions,2025-05-23 01:29:55,1,0,
Harshit Gupta,2025-05-14 01:47:05,RiP Stay AI,2025-05-14 15:19:56,2,0,
Gil Halaf,2025-05-14 02:02:26,Stay AI - Royo // Loop Subscriptions,2025-05-14 02:02:50,1,0,
"Doreen Siboni,DoreenHalaf@gmail.com",2025-05-14 02:03:22,Stay AI - Royo // Loop Subscriptions,2025-05-14 03:09:03,2,0,
kaleb@gainsinbulk.com,2025-05-14 02:32:46,Gains In Bulk // Skio -> Loop Subscriptions,2025-05-20 10:17:26,1,,
braven@gainsinbulk.com,2025-05-14 02:34:59,Gains In Bulk // Skio -> Loop Subscriptions,2025-05-14 02:36:17,1,,
Nargiza Dakmak,2025-05-14 21:03:16,Bonafide Health // Ordergroove - Out of the box!,2025-05-14 21:04:08,2,,
thill@bonafidehealth.com,2025-05-14 21:05:44,Bonafide Health // Ordergroove - Out of the box!,2025-05-14 21:06:24,2,,
Chris Tantalean,2025-05-14 21:20:22,Bonafide Health // Ordergroove - Out of the box!,2025-05-14 21:23:39,2,,
Riley Hanna,2025-05-14 21:21:26,Bonafide Health // Ordergroove - Out of the box!,2025-05-14 21:22:40,2,,
Austin Bitzas,2025-05-14 21:21:53,Bonafide Health // Ordergroove - Out of the box!,2025-05-14 21:22:26,2,,
Sonny Stafford,2025-05-14 21:22:31,Bonafide Health // Ordergroove - Out of the box!,2025-05-14 21:40:56,3,,
Melanie Simon,2025-05-15 00:09:07,ZIIP Beauty // ReCharge -> Loop Subscriptions,2025-07-16 00:23:02,4,,
kate@firstday.com,2025-05-15 00:16:39,Cody & First Day // Stay AI -> Loop Subscriptions,2025-05-15 01:50:43,2,0,
Amanda Liew Hill,2025-05-15 00:18:39,Cody & First Day // Stay AI -> Loop Subscriptions,2025-05-16 02:55:29,2,0,
blake@firstday.com,2025-05-15 00:19:13,Cody & First Day // Stay AI -> Loop Subscriptions,2025-05-15 00:21:51,2,0,
Jared Farver,2025-05-15 00:22:02,Grinds Coffee // Stay AI -> Loop Subscriptions,2025-05-15 00:31:01,2,0,
Matt Canepa,2025-05-15 00:22:57,Grinds Coffee // Stay AI -> Loop Subscriptions,2025-05-15 00:27:08,1,0,
Patrick Pezet,2025-05-15 00:23:34,Grinds Coffee // Stay AI -> Loop Subscriptions,2025-05-15 01:33:02,1,0,
Andrea Nugent,2025-05-15 00:23:56,Grinds Coffee // Stay AI -> Loop Subscriptions,2025-05-15 00:26:05,1,0,
Mary Jo Harber,2025-05-15 00:24:17,Grinds Coffee // Stay AI -> Loop Subscriptions,2025-05-16 23:01:10,2,0,
"sabrina@veracityselfcare.com,sabrinavpereira@gmail.com",2025-05-15 00:27:23,Veracity Selfcare // Stay AI -> Loop Subscriptions,2025-06-30 21:34:05,4,0,
"Emily Andrews,eporterandrews@gmail.com",2025-05-15 00:28:10,Veracity Selfcare // Stay AI -> Loop Subscriptions,2025-05-15 00:57:25,1,0,
Allie Egan,2025-05-15 00:28:27,Veracity Selfcare // Stay AI -> Loop Subscriptions,2025-05-23 22:15:16,6,0,
Maeve Aherne,2025-05-15 00:28:48,Veracity Selfcare // Stay AI -> Loop Subscriptions,2025-06-27 02:01:25,2,0,
David Baker,2025-05-15 00:31:14,Beekman 1802 // Loop Subscriptions - Connecting again!,2025-05-15 00:33:09,2,0,
Mikayla Miletich,2025-05-15 00:31:48,Beekman 1802 // Loop Subscriptions - Connecting again!,2025-05-15 00:35:46,2,1,
Tatiana Turgeon,2025-05-15 00:33:15,Clean Skin Club // Loop Subscriptions - Connecting again!,2025-05-15 05:43:08,2,0,
Ben Imberman,2025-05-15 00:33:54,Clean Skin Club // Loop Subscriptions - Connecting again!,2025-05-15 01:56:05,2,0,
Matt Bachmann,2025-05-15 00:40:12,Wandering Bear Coffee // Stay AI -> Loop Subscriptions,2025-05-15 00:48:44,1,0,
ben@wanderingbearcoffee.com,2025-05-15 00:45:00,Wandering Bear Coffee // Stay AI -> Loop Subscriptions,2025-05-15 19:18:57,2,0,
Megan Whitman,2025-05-15 00:45:19,Wandering Bear Coffee // Stay AI -> Loop Subscriptions,2025-05-16 14:06:18,2,0,
madeline@beginhealth.com,2025-05-15 00:51:56,Spoke on call on 20th March 2025,2025-05-15 00:56:27,2,0,
maddie@beginhealth.com,2025-05-15 00:53:28,Begin Health // Stay AI -> Loop Subscriptions,2025-05-15 02:57:26,2,0,
Matt White,2025-05-15 01:30:26,Happy Hippo // Recharge -> Loop Subscriptions,2025-05-15 02:24:35,4,0,
Jeremy DeLuca,2025-05-15 01:31:30,Happy Hippo // Recharge -> Loop Subscriptions,2025-05-15 01:31:57,1,0,
Julia Brewington,2025-05-15 02:22:30,Curie // Stay AI -> Loop Subscriptions,2025-05-15 08:01:35,4,0,
Sarah Moret,2025-05-15 02:23:04,Curie // Stay AI -> Loop Subscriptions,2025-05-15 02:57:36,2,0,
margot@curiebod.com,2025-05-15 02:23:46,Curie // Stay AI -> Loop Subscriptions,2025-05-15 11:36:33,1,0,
Rosie McVickar,2025-05-15 02:33:15,That was me who cold called you 5 mins ago,2025-05-15 02:54:36,1,,
Purna Singh,2025-05-15 18:21:21,Primally Pure // Loop Subscriptions,2025-07-17 15:12:01,8,,
Purna Singh,2025-05-15 18:22:17,Cody & First Day // Stay AI -> Loop Subscriptions,2025-05-16 22:06:54,5,,
soraya.tavakolian@functionofbeauty.com,2025-05-15 20:14:04,Function of Beauty // ReCharge -> Loop Subscriptions,2025-05-16 00:20:16,3,,
peyton.lutz@functionofbeauty.com,2025-05-15 20:17:28,Function of Beauty // ReCharge -> Loop Subscriptions,2025-05-15 20:19:03,2,,
Kendal McMullen,2025-05-15 23:18:02,Julio sent me your way -> Loop Subscriptions,2025-05-16 00:05:53,2,,
Michael Badea,2025-05-16 00:40:42,Spoke on call yesterday // Looping back!,2025-05-16 00:58:30,1,0,
Jared Farver,2025-05-16 01:05:37,Matt said you're the subscription guy!,2025-05-17 00:31:13,2,0,
Danielle Brizel,2025-05-16 01:21:35,OSEA x Matchaful - Churn,2025-05-16 01:23:03,2,0,
julian@matchaful.com,2025-05-16 01:22:55,OSEA x Matchaful - Churn,2025-05-16 01:27:15,1,0,
Hannah Habes,2025-05-16 01:24:35,OSEA x Matchaful - Churn,2025-05-16 03:39:05,1,0,
Jason Caylor,2025-05-16 01:25:42,OSEA x Matchaful - Churn,2025-05-17 06:27:35,1,0,
Jane Nixon,2025-05-16 22:03:37,ecoNugenics // Loop Subscriptions,2025-05-16 22:04:55,2,,
Alexa Shuman,2025-05-16 22:16:20,RajaniMD // Loop Subscriptions - 8x growth,2025-05-16 23:56:17,1,0,
Samantha McGinnis,2025-05-16 23:18:34,Loop Subscriptions // Live it Up - Subscriber acquisition,2025-05-16 23:21:19,1,0,
ernesto@artofenso.com,2025-05-16 23:20:05,Loop Subscriptions // Live it Up - Subscriber acquisition,2025-05-16 23:55:28,1,0,
Sophia Jin,2025-05-16 23:20:59,Loop Subscriptions // Live it Up - Subscriber acquisition,2025-05-17 00:08:57,1,0,
mike@artofenso.com,2025-05-16 23:21:39,Loop Subscriptions // Live it Up - Subscriber acquisition,2025-05-17 21:01:39,2,0,
Luke Garlock,2025-05-16 23:22:14,Loop Subscriptions // Live it Up - Subscriber acquisition,2025-05-19 09:02:24,1,0,
christian@pawstruck.com,2025-05-17 01:04:20,Pawstruck // Loop Subscriptions,2025-05-17 14:20:11,2,,
Harshit Gupta,2025-05-19 21:40:00,because and all,2025-05-20 00:22:24,3,,
Danielle Brizel,2025-05-20 20:31:16,OSEA Malibu x Matchaful - Dynamic Banner,2025-05-20 20:39:20,1,0,
julian@matchaful.com,2025-05-20 20:32:36,OSEA Malibu x Matchaful - Dynamic Banner,2025-05-21 03:43:20,2,0,
Hannah Habes,2025-05-20 20:33:26,OSEA Malibu x Matchaful - Dynamic Banner,2025-05-21 09:18:56,1,0,
sean@bubsnaturals.com,2025-05-21 01:26:19,BUBS Naturals // Loop Subscriptions - AOV,2025-05-21 01:35:26,2,,
kevin@bubsnaturals.com,2025-05-21 01:26:55,BUBS Naturals // Loop Subscriptions - AOV,2025-05-22 09:31:44,1,,
Michael Badea,2025-05-21 23:12:44,Noticed widget error on Landish's website - Made a Loom,2025-05-21 23:17:32,1,0,
kimberly@landish.ca,2025-05-21 23:13:45,Noticed widget error on Landish's website - Made a Loom,2025-05-21 23:22:01,1,0,
erin@landish.ca,2025-05-21 23:14:06,Noticed widget error on Landish's website - Made a Loom,2025-05-21 23:14:21,1,0,
Jason Sealand,2025-05-22 01:22:10,Loop Subscriptions // Mad Viking Beard - ReCharge Contract,2025-07-11 04:26:17,3,0,
chelsea@areygrey.com,2025-05-22 01:36:52,Not able to buy bundle subscriptions,2025-05-22 01:46:31,1,0,
Jay Small,2025-05-22 01:37:31,Not able to buy bundle subscriptions,2025-05-22 01:37:55,1,0,
Allison Conrad,2025-05-22 01:38:30,Not able to buy bundle subscriptions,2025-05-22 01:51:17,4,0,
Anshul Singh,2025-05-22 20:13:34,Primally Pure // Loop Subscriptions,2025-05-22 20:13:54,1,,
Anshul Singh,2025-05-22 23:32:24,Eboost / Loop Subscriptions,2025-05-23 19:11:29,2,,
james@calderalab.com,2025-05-23 00:35:49,Caldera + Lab // Loop Subscriptions,2025-05-23 17:49:31,1,,
jared@calderalab.com,2025-05-23 00:37:20,Caldera + Lab // Loop Subscriptions,2025-05-23 09:55:01,2,,
scott@calderalab.com,2025-05-23 00:37:59,Caldera + Lab // Loop Subscriptions,2025-05-23 00:44:28,3,,
wil@calderalab.com,2025-05-23 00:40:24,Caldera + Lab // Loop Subscriptions,2025-05-23 03:37:15,1,,
Kaleb Mattice,2025-05-23 01:38:50,Gains In Bulk // $440k in 30 days,2025-06-02 22:51:02,5,,
Logan Becker,2025-05-23 01:44:00,Gains In Bulk // $440k in 30 days,2025-05-23 07:38:32,1,0,
Braven Grant,2025-05-23 01:44:57,Gains In Bulk // $440k in 30 days,2025-05-23 01:45:15,1,0,
Nikita Kataria,2025-05-23 20:14:06,Everist // Loop Subscriptions,2025-05-23 23:36:35,1,,
Jessica Stevenson,2025-05-23 20:15:09,Everist // Loop Subscriptions,2025-05-24 07:33:58,2,,
Laura Artin,2025-05-23 20:16:17,Everist // Loop Subscriptions,2025-05-23 20:53:16,1,,
Jayme Jenkins,2025-05-23 20:17:04,Everist // Loop Subscriptions,2025-05-23 20:28:33,1,,
Anshul Singh,2025-05-23 20:34:56,heheheh - Dynamic Banner // Thesis,2025-05-23 20:39:52,2,,
himaaanshu07@gmail.com,2025-05-23 22:22:58,test,2025-07-22 00:14:19,5,,
Kaleb Mattice,2025-05-23 22:47:19,Gains In Bulk // $440k in 30 days,2025-06-02 22:51:02,2,0,
Anshul Singh,2025-05-27 20:09:34,Spoke on the phone - Loop Subscriptions,2025-05-27 20:24:57,2,0,
Anshul Singh,2025-05-27 20:10:03,Loop Subscriptions - Spoke in October'24,2025-05-27 20:24:50,2,0,
Anshul Singh,2025-05-27 20:10:23,Jinx Bundle subscriptions,2025-05-27 20:24:41,2,0,
Harshit Gupta,2025-05-29 18:07:19,Gains In Bulk // $440k in 30 days,2025-06-20 21:18:16,8,,
Purna Singh,2025-05-29 19:01:09,Got your reference from Safir and Alexa,2025-05-29 19:38:02,1,,
anant@groomie.club,2025-05-29 21:24:38,Darwish - LUMIN // Groomie - Loop Subscriptions,2025-06-24 20:22:40,2,,
Vasu Goyal,2025-05-29 21:59:54,Spoke to Vedant // Dose - Loop Subscriptions,2025-05-29 23:03:09,5,0,
Shivangi Gupta,2025-05-29 22:00:32,Spoke to Vedant // Dose - Loop Subscriptions,2025-05-29 22:03:54,2,0,
Jason Sealand,2025-05-29 22:24:58,Mad Viking Beard // $440k in 30 days,2025-06-13 20:34:10,5,,
Michael Johnson,2025-05-29 22:43:38,Bowmar Nutrition // 440k in 30 days,2025-06-25 21:45:44,7,0,
Jared Farver,2025-05-29 23:49:57,Got your reference from Matt - Loop,2025-05-30 02:32:20,2,0,
Kaleb Mattice,2025-06-05 01:46:21,Gains In Bulk // Loop Subscriptions,2025-06-05 03:36:46,4,,
cody@usehuron.com,2025-06-05 22:55:43,My Mysogi Challenge Ft. Huron,2025-06-05 23:27:08,1,,
Jonathan Cohn,2025-06-05 23:52:41,Dirty Labs // Loop Subscriptions,2025-06-06 05:39:44,2,,
Soyoung Park,2025-06-05 23:56:54,Dirty Labs // Loop Subscriptions,2025-06-20 22:27:12,3,,
Kyle Arroyo,2025-06-05 23:57:37,Dirty Labs // Loop Subscriptions,2025-06-06 00:47:59,1,,
darren@dirtylabs.com,2025-06-05 23:58:13,Dirty Labs // Loop Subscriptions,2025-06-06 00:17:07,3,,
Katie Nelson,2025-06-05 23:58:42,Dirty Labs // Loop Subscriptions,2025-06-05 23:58:59,1,,
amy@clearlyfiltered.com,2025-06-06 02:17:36,Clearly Filtered // Loop Subscriptions - AOV and Churn,2025-06-06 02:17:52,1,,
Eda Uluer,2025-06-06 23:27:09,Bird & Be // Loop Subscriptions - Bundle breakdown,2025-07-15 23:55:50,3,,
Breanna Hughes,2025-06-06 23:30:17,Bird & Be // Loop Subscriptions - Bundle breakdown,2025-06-11 04:39:14,3,,
Samantha Diamond,2025-06-06 23:30:49,Bird & Be // Loop Subscriptions - Bundle breakdown,2025-06-23 09:26:01,2,,
Alicia Palan,2025-06-06 23:31:15,Bird & Be // Loop Subscriptions - Bundle breakdown,2025-06-07 18:36:43,1,,
bailee@birdandbe.com,2025-06-06 23:31:41,Bird & Be // Loop Subscriptions - Bundle breakdown,2025-06-06 23:35:29,1,,
"Breanna Hughes,Bailee Cooper,Harshit Gupta",2025-06-07 00:51:29,Bird & Be // Loop Subscriptions - Bundle breakdown,2025-06-11 04:39:14,10,,
Brooke Wastler,2025-06-07 02:00:51,Purlisse // Loop Subscriptions // Yensa - future?,2025-06-07 02:11:46,2,0,
"dallan@charterconnect.co,dallanearlwortham@gmail.com",2025-06-07 02:12:29,Loop Subscriptions // Redmond - Future?,2025-06-07 03:05:34,2,0,
deepica@livetinted.com,2025-06-07 02:28:54,Yotpo Migration - Any future?,2025-06-10 00:21:56,2,0,
jyao@wulfsfish.com,2025-06-09 23:28:17,Meal Subscriptions - Smartrr -> Loop,2025-06-09 23:28:35,1,,
sofia@moonbrew.co,2025-06-10 01:51:27,MoonBrew // Loop Subscriptions - Connecting again!,2025-06-10 02:32:02,1,,
Luke Smialowicz,2025-06-10 04:05:51,"HNY - Launch, SunLife Organics and Ross in Honeybee costume",2025-06-10 04:18:11,1,,
liam@hnyplus.com,2025-06-10 04:09:11,"HNY - Launch, SunLife Organics and Ross in Honeybee costume",2025-06-10 05:47:24,1,,
Danielle Brizel,2025-06-10 20:17:52,Matchaful - $440k in 30 days?,2025-06-10 20:39:22,5,0,
julian@matchaful.com,2025-06-10 20:19:11,Matchaful - $440k in 30 days?,2025-06-10 20:19:54,1,0,
Michael Johnson,2025-06-10 20:29:58,Bowmar Nutrition // Churn <5%,2025-07-11 23:19:17,5,0,
Mike Moniz,2025-06-10 20:35:17,Wulf's Fish - CleanFish // Meal Subscription,2025-06-10 20:36:29,2,,
tbutova@wulfsfish.com,2025-06-10 20:35:45,Wulf's Fish - CleanFish // Meal Subscription,2025-06-10 20:37:33,2,,
dantczak@wulfsfish.com,2025-06-10 20:36:19,Wulf's Fish - CleanFish // Meal Subscription,2025-06-10 20:37:02,2,,
Wesley Malzone,2025-06-10 20:36:44,Wulf's Fish - CleanFish // Meal Subscription,2025-06-10 20:39:03,2,,
Andrew Costaris,2025-06-10 21:41:28,Partners Coffee // Loop Subscriptions - Website Form,2025-06-11 02:34:57,6,1,
"Breanna Hughes,Bailee Cooper,Harshit Gupta",2025-06-11 00:16:19,Bird & Be // Loop Subscriptions - Bundle breakdown,2025-06-11 04:39:14,8,0,
emily@clearlyfiltered.com,2025-06-11 00:22:29,Clearly Filtered // Loop Subscriptions - AOV and Churn,2025-06-23 23:21:37,2,,
Caitlin McPherson,2025-06-11 00:22:59,Clearly Filtered // Loop Subscriptions - AOV and Churn,2025-06-11 01:54:40,2,,
Ryan Fair,2025-06-11 00:23:26,Clearly Filtered // Loop Subscriptions - AOV and Churn,2025-06-12 05:49:42,1,,
amy@clearlyfiltered.com,2025-06-11 00:28:10,Clearly Filtered // $440k in 30 days,2025-06-11 01:53:48,2,0,
Jason Sealand,2025-06-11 01:08:04,Mad Viking Beard // Loop - > Site-wide sale,2025-06-20 00:43:03,3,0,
Kaleb Mattice,2025-06-11 02:07:31,Gains In Bulk // Loop Subscriptions - CSM Doc,2025-06-14 09:41:33,3,2,
"Breanna Hughes,Bailee Cooper,Harshit Gupta",2025-06-11 04:12:29,Bird & Be // Loop Subscriptions - Bundle breakdown,2025-07-09 06:59:05,11,,
Alexa Shuman,2025-06-11 21:00:41,RajaniMD - $440k in 30 days,2025-06-12 06:33:14,3,0,
Samantha McGinnis,2025-06-11 21:57:21,Read about your work - WIX,2025-06-13 01:33:40,1,,
Sophia Jin,2025-06-11 23:22:33,Live it Up - high churn?,2025-07-17 11:32:36,4,0,
mike@artofenso.com,2025-06-11 23:23:07,Live it Up - high churn?,2025-06-11 23:23:26,1,0,
Luke Garlock,2025-06-11 23:23:40,Live it Up - high churn?,2025-06-11 23:24:18,1,0,
Luke Garlock,2025-06-13 00:18:50,Spoke on call 35 mins ago,2025-06-13 00:33:04,3,0,
max@snapsupplements.com,2025-06-13 01:31:00,High Churn at SNAP - 20% off site-wide,2025-06-13 03:19:04,1,,
andrey@snapsupplements.com,2025-06-13 01:32:18,High Churn at SNAP - 20% off site-wide,2025-06-13 07:14:01,3,,
aleksey@snapsupplements.com,2025-06-13 01:34:28,High Churn at SNAP - 20% off site-wide,2025-06-13 01:36:42,1,,
"cathy@naturopathica.com,Cathy OBrien",2025-06-13 02:06:01,No subscriptions on bundles,2025-06-13 02:06:14,1,0,
Stephanie Barbour,2025-06-13 02:28:21,Cocokind // 8X growth in subscriber acquisition,2025-06-13 02:29:48,1,0,
Araceli Quintero,2025-06-13 02:29:15,Cocokind // 8X growth in subscriber acquisition,2025-06-13 02:53:32,1,0,
Taylor L.,2025-06-13 02:29:46,Cocokind // 8X growth in subscriber acquisition,2025-06-13 02:31:59,1,0,
"Jason Sealand,Harshit Gupta",2025-06-13 02:43:17,Mad Viking Beard // $440k in 30 days,2025-06-13 02:45:58,4,1,
"Jason Sealand,Harshit Gupta",2025-06-13 02:46:52,Mad Viking Beard // $440k in 30 days,2025-07-09 06:43:14,7,,
Max Rudy,2025-06-13 19:36:11,spoke on the phone - Expo West/ Loop Subscriptions,2025-06-13 19:52:33,2,4,
Nick Ajluni,2025-06-13 21:33:02,Brian at Truff // Expo West - Loop Subscriptions,2025-06-14 06:10:55,2,,
Nick Guillen,2025-06-13 21:33:36,Brian at Truff // Expo West - Loop Subscriptions,2025-06-14 10:47:42,1,,
esi@truff.com,2025-06-13 21:38:06,Brian at Truff // Neil at Phyla,2025-06-13 22:09:19,2,,
Kaleb Mattice,2025-06-13 21:57:59,Gains In Bulk // Loop Subscriptions - CSM Doc,2025-06-14 09:41:29,2,3,
Daniel Novak,2025-06-13 23:55:01,Landish // Churn 10% to 5% in <2 Qs,2025-06-14 06:22:29,3,0,
erin@landish.ca,2025-06-13 23:56:27,Landish // Churn 10% to 5% in <2 Qs,2025-06-13 23:56:43,1,0,
Jared Farver,2025-06-14 00:23:07,Grinds Coffee // 8X subscription growth,2025-06-14 00:25:15,1,0,
"josh@wickedprotein.com,josh@ten32media.com",2025-06-14 00:39:28,Wicked Protein // Loop Subscriptions,2025-06-15 09:54:41,2,,
"samuel@wickedprotein.com,samuel@ten32media.com,sam@ten32media.com",2025-06-14 00:40:35,Wicked Protein // Loop Subscriptions,2025-06-14 02:52:46,2,,
Yve-Car Momperousse,2025-06-14 01:18:27,Kreyol Essence // Loop Subscriptions,2025-06-14 01:18:58,2,1,
Stephane Jean-Baptiste,2025-06-14 01:19:31,Kreyol Essence // Loop Subscriptions,2025-06-14 01:20:02,2,1,
Vasu Goyal,2025-06-14 01:33:16,Dose // Up-sell $440k in 30 days,2025-06-14 01:38:15,2,0,
James Wilson,2025-06-14 01:43:42,Caldera + Lab // Lumin - Loop Subsscriptions,2025-06-16 21:34:07,3,0,
Jared Pobre,2025-06-14 01:45:27,Caldera + Lab // Lumin - Loop Subscriptions,2025-06-14 10:44:52,2,0,
wil@calderalab.com,2025-06-14 01:46:45,Caldera + Lab // Lumin - Loop Subscriptions,2025-06-14 08:25:31,1,0,
taylor@skylinebeautygroup.com,2025-06-14 02:02:08,Skyline Beauty Group // $440k in 30 days,2025-06-16 19:08:25,1,0,
Sam Landau,2025-06-14 02:02:54,Skyline Beauty Group // $440k in 30 days,2025-08-08 01:47:28,2,0,
jose.navarrete@wondercide.com,2025-06-14 02:17:51,Wondercide // $440k in 30 days,2025-06-14 02:18:08,1,0,
Kamilla Martini,2025-06-14 02:23:16,Wondercide // $440k in 30 days,2025-06-16 20:22:07,3,0,
Tim Beaird,2025-06-14 02:23:52,Wondercide // $440k in 30 days,2025-06-16 18:27:39,2,0,
Dan Mettler,2025-06-16 23:57:23,MegaFood // $440k in 30 days,2025-06-16 23:58:00,2,1,
Sarah Lombard,2025-06-16 23:58:23,MegaFood // $440k in 30 days,2025-06-16 23:59:39,2,1,
Matt Smith,2025-06-16 23:59:04,MegaFood // $440k in 30 days,2025-06-17 00:01:29,2,1,
Barbara Diecker,2025-06-16 23:59:36,MegaFood // $440k in 30 days,2025-06-17 00:00:40,2,1,
Michaela Clint,2025-06-17 00:00:31,MegaFood // $440k in 30 days,2025-06-17 00:01:14,2,1,
Yash Agarwal,2025-06-17 01:05:53,Mad Viking Beard // $440k in 30 days,2025-07-31 01:09:06,6,,
Yash Agarwal,2025-06-17 01:06:36,Grinds Coffee // 8X subscription growth,2025-07-17 21:57:58,16,,
Dashrath Rajpurohit,2025-06-17 02:07:12,Reference,2025-06-17 02:39:54,2,,
Dashrath Rajpurohit,2025-06-17 02:39:10,Reference,2025-06-17 03:57:13,2,,
Stephanie Barbour,2025-06-17 02:42:28,Cocokind // Loop Subscriptions,2025-06-17 02:44:11,1,0,
Araceli Quintero,2025-06-17 02:43:14,Cocokind // Loop Subscriptions,2025-06-17 02:45:36,1,0,
Taylor L.,2025-06-17 02:43:31,Cocokind // Loop Subscriptions,2025-06-17 05:04:55,2,0,
cody@usehuron.com,2025-06-17 19:47:44,My Misogi Challenge ft. Huron (part 2),2025-06-17 21:22:43,1,0,
Joseph Barker,2025-06-17 23:05:12,No transaction fee on FlexPro Series,2025-06-17 23:18:09,1,0,
Eugenia Tudela,2025-06-17 23:05:51,No transaction fee on FlexPro Series,2025-06-18 00:19:53,1,0,
Eunice Buan,2025-06-17 23:06:29,No transaction fee on FlexPro Series,2025-06-17 23:08:01,1,0,
alicia@aspenclean.com,2025-06-18 22:40:42,AspenClean // Loop Subscriptions,2025-06-23 11:03:29,1,,
chris@aspenclean.com,2025-06-18 22:42:24,AspenClean // Loop Subscriptions,2025-06-20 13:56:00,1,,
Anant H.,2025-06-18 22:52:53,LUMIN // Groomie - No transaction fees,2025-07-01 02:38:25,2,0,
liz@esemblybaby.com,2025-06-19 02:30:01,Esembly Baby // Loop Subscriptions,2025-07-12 05:59:52,3,,
nicole@esemblybaby.com,2025-06-19 02:30:54,Esembly Baby // Loop Subscriptions,2025-06-19 03:42:08,1,,
Andrey Sakhno,2025-06-20 19:16:48,Snap Supplements // $440k in 30 days,2025-06-20 21:52:36,2,0,
Max Mikhaylenko,2025-06-20 19:17:26,Snap Supplements // $440k in 30 days,2025-06-20 22:50:41,1,0,
Aleksey Kruglikov,2025-06-20 19:21:43,Snap Supplements // $440k in 30 days,2025-07-17 23:28:35,3,0,
Melanie Simon,2025-06-20 19:32:09,ZIIP Beauty // $440k in 30 days,2025-07-22 01:45:47,1,0,
Regina S.,2025-06-20 19:32:54,ZIIP Beauty // $440k in 30 days,2025-06-25 01:50:08,1,0,
Kyle Arroyo,2025-06-20 19:56:18,Dirty Labs - Subscriptions on bundle,2025-06-21 05:46:59,2,0,
Soyoung Park,2025-06-20 19:57:04,Dirty Labs - Subscriptions on bundle,2025-06-21 05:26:26,2,0,
Jonathan Cohn,2025-06-20 19:57:25,Dirty Labs - Subscriptions on bundle,2025-06-22 14:56:23,1,0,
Katie Nelson,2025-06-20 19:57:44,Dirty Labs - Subscriptions on bundle,2025-06-20 19:57:59,1,0,
julian@matchaful.com,2025-06-20 20:07:35,Matchaful x OSEA - Subscription growth,2025-06-20 20:13:29,1,0,
Hannah Habes,2025-06-20 20:10:31,Matchaful x OSEA - Subscription growth,2025-06-20 20:45:32,1,0,
Jeff Woods,2025-06-20 20:25:25,Four Sigmatic // Verve Coffee Roasters - Churn,2025-06-20 20:36:31,1,0,
sophia.petralia@vervecoffee.com,2025-06-20 20:27:27,Four Sigmatic // Verve Coffee - Churn,2025-06-20 20:55:29,2,0,
Katie N/A,2025-06-20 20:28:33,Four Sigmatic // Verve Coffee - Churn,2025-06-24 17:27:21,3,0,
Ryan O'Donovan,2025-06-20 20:29:19,Four Sigmatic // Verve Coffee - Churn,2025-06-20 20:31:31,1,0,
Kevin Krainson,2025-06-20 20:32:57,Four Sigmatic // Verve Coffee - Churn,2025-06-20 20:35:14,1,0,
susan@furtunaskin.com,2025-06-20 20:53:12,Furtuna Skin // $440k in 30 days,2025-06-20 21:00:59,1,0,
Jay Small,2025-06-21 02:19:21,Arey // $440k in 30 days,2025-06-21 02:22:28,1,0,
chelsea@areygrey.com,2025-06-21 02:20:22,Arey // $440k in 30 days,2025-06-24 20:54:40,2,0,
denise@xmondohair.com,2025-06-21 02:28:43,XMONDO // Loop Subscriptions,2025-06-21 23:53:16,2,,
Kaleb Mattice,2025-06-21 02:57:46,Gains In Bulk // Loop Subscriptions - Intro?,2025-06-21 03:18:03,2,,
Allison Hurst,2025-06-21 03:07:34,Primally Pure // Loop Subscriptions - chat?,2025-06-30 17:17:04,2,,
Elizabeth Shaver,2025-06-21 03:13:34,RoC Skincare // $440k in 30 days,2025-06-21 03:14:22,2,0,
Hillary Hutcheson,2025-06-21 03:14:32,RoC Skincare // $440k in 30 days,2025-06-21 03:15:12,2,1,
James Wilson,2025-06-21 03:39:06,Caldera + Lab // Lumin - Checkout upsell,2025-06-21 23:39:56,2,0,
dennis@calderalab.com,2025-06-21 03:53:19,Caldera + Lab // Lumin - Checkout upsell,2025-06-21 03:58:19,1,0,
Jared Pobre,2025-06-21 03:53:57,Caldera + Lab // Lumin - Checkout upsell,2025-06-22 22:17:23,2,0,
wil@calderalab.com,2025-06-21 03:55:10,Caldera + Lab // Lumin - Checkout upsell,2025-06-21 04:30:31,1,0,
Lars Callary,2025-06-21 03:55:59,Caldera + Lab // Lumin - Checkout upsell,2025-06-21 19:52:11,2,0,
Evadney Petgrave,2025-06-24 02:09:34,Skinfix - Ordergroove // $440k in 30 days,2025-06-24 19:45:38,2,0,
Jillian Ruggiero,2025-06-24 02:10:20,Skinfix - Ordergroove // $440k in 30 days,2025-06-24 19:02:37,2,0,
Holly Migliaccio,2025-06-25 00:37:08,Rook Coffee - Four Sigmatic // Loop Subscriptions,2025-06-25 04:17:13,4,,
Molly McSherry,2025-06-25 00:39:51,I'm Human toooo (inspired from your LinkedIn bio),2025-06-25 18:34:21,1,,
Michael Lavender,2025-06-25 01:21:07,Nuzest // Loop Subscription - AOV and Churn?,2025-06-25 18:42:18,1,,
Marcel Diekmann,2025-06-25 01:21:58,Nuzest // Loop Subscription - AOV and Churn?,2025-06-25 01:22:33,1,,
Darrell Spencer,2025-06-25 01:40:57,Crowned Skin // Loop Subscription - AOV and Churn?,2025-07-07 03:25:59,2,,
Jeanette Baumgartner,2025-06-25 02:01:57,Lucy // Loop Subscription - AOV and Churn?,2025-06-25 03:06:48,1,,
David Renteln,2025-06-25 02:03:17,Lucy // Loop Subscription - AOV and Churn?,2025-06-25 02:07:15,1,,
Jeff Woods,2025-06-25 02:15:23,Verve Coffee Roasters // Loop Subscriptions - Worth a chat?,2025-06-25 02:19:27,1,0,
sophia.petralia@vervecoffee.com,2025-06-25 02:16:00,Verve Coffee Roasters // Loop Subscriptions - Worth a chat?,2025-06-25 02:16:17,1,0,
Katie N/A,2025-06-25 02:16:19,Verve Coffee Roasters // Loop Subscriptions - Worth a chat?,2025-06-25 02:17:04,1,0,
Britt Royce,2025-06-25 02:21:06,Wondercide // Loop -Worth a chat?,2025-06-25 20:43:44,1,0,
Tim Beaird,2025-06-25 02:22:37,Wondercide // Loop -Worth a chat?,2025-06-25 03:03:42,1,0,
Tatiana Turgeon,2025-06-25 23:09:56,Clean Skin Club // Loop - rolling the dice again?,2025-06-26 00:21:40,1,0,
Ben Imberman,2025-06-25 23:13:56,Clean Skin Club // Loop - rolling the dice again?,2025-06-26 00:03:02,1,0,
Mellina White,2025-06-26 00:22:09,Seattle Chocolate Company // Rho Nutrition,2025-06-26 01:00:41,2,,
Ryan Bishop,2025-06-26 00:23:52,Rho Nutrition - AOV and high churn?,2025-06-26 00:32:44,1,,
julian@matchaful.com,2025-06-26 21:55:43,Matchaful x OSEA - Subscriptions,2025-06-26 21:56:29,1,0,
Hannah Habes,2025-06-26 21:56:43,Matchaful x OSEA - Subscriptions,2025-06-26 22:10:05,2,0,
Melanie Simon,2025-06-26 23:48:38,ZIIP Beauty - worth a chat?,2025-07-22 01:36:48,1,0,
Kyle Arroyo,2025-06-26 23:51:13,Dirty Labs - Subscriptions,2025-06-27 00:51:10,1,0,
Soyoung Park,2025-06-26 23:52:02,Dirty Labs - Subscriptions,2025-06-27 10:32:53,2,0,
Jonathan Cohn,2025-06-26 23:52:24,Dirty Labs - Subscriptions,2025-07-04 02:56:50,3,0,
Katie Nelson,2025-06-26 23:52:46,Dirty Labs - Subscriptions,2025-06-26 23:53:02,1,0,
Jay Small,2025-06-27 01:42:18,Arey - Subscriptions,2025-06-27 01:45:53,1,0,
chelsea@areygrey.com,2025-06-27 01:42:43,Arey - Subscriptions,2025-07-01 01:46:54,1,0,
Andrey Sakhno,2025-06-27 01:44:42,Snap Supplements - Subscriptions,2025-07-01 01:39:10,4,0,
Max Mikhaylenko,2025-06-27 01:45:09,Snap Supplements - Subscriptions,2025-06-27 02:15:28,1,0,
Alex Lomov,2025-06-27 01:45:57,Snap Supplements - Subscriptions,2025-06-27 01:52:29,1,0,
kimberly@landish.ca,2025-06-27 01:52:09,Landish - Subscriptions,2025-06-27 17:13:55,1,0,
erin@landish.ca,2025-06-27 01:52:34,Landish - Subscriptions,2025-06-27 02:04:56,1,0,
"Emily Andrews,eporterandrews@gmail.com",2025-06-27 02:00:51,Veracity Selfcare // Stay AI -> Loop Subscriptions,2025-06-28 00:08:53,1,0,
Maeve Aherne,2025-06-27 02:01:08,Veracity Selfcare // Stay AI -> Loop Subscriptions,2025-06-27 02:01:25,1,0,
Allie Egan,2025-06-27 02:01:34,Veracity Selfcare // Stay AI -> Loop Subscriptions,2025-07-23 01:51:30,5,0,
"sabrina@veracityselfcare.com,sabrinavpereira@gmail.com",2025-06-27 02:02:41,Veracity Selfcare // Stay AI -> Loop Subscriptions,2025-06-30 21:34:04,1,0,
Greg Tetzlaff,2025-07-02 02:13:29,The Cold Call Guy - 14th Jan 2025,2025-07-02 02:13:59,2,,
Maria Shirley,2025-07-02 19:30:46,40% Sitewide sale - more subscriber churn?,2025-07-02 19:33:18,2,,
Yaso Murray,2025-07-02 19:31:26,40% Sitewide sale - more subscriber churn?,2025-07-02 19:32:06,2,,
ron.robinson@beautystat.com,2025-07-02 19:34:29,40% Sitewide sale - more subscriber churn?,2025-07-02 19:37:38,2,,
Liz Cavalieri,2025-07-02 19:34:59,40% Sitewide sale - more subscriber churn?,2025-07-02 19:36:19,2,,
"Breanna Hughes,Bailee Cooper,Harshit Gupta",2025-07-03 00:20:35,Bird & Be // Loop Subscriptions - Bundle breakdown,2025-07-09 01:02:28,8,,
Andrew Talarzyk,2025-07-03 00:24:28,Davids Natural - Autobrush // Loop Subscriptions,2025-07-03 20:43:00,1,,
Bruce Weyman,2025-07-03 01:10:13,Davids Natural - Autobrush // Loop Subscriptions,2025-07-03 02:21:23,1,,
margaret@davids-usa.com,2025-07-03 01:11:36,Davids Natural - Autobrush // Loop Subscriptions,2025-07-03 01:44:00,2,,
Eric Buss,2025-07-03 01:14:11,Davids Natural - Autobrush // Loop Subscriptions,2025-07-03 01:57:42,2,,
Jeanette Baumgartner,2025-07-03 02:03:03,Lucy // $440k in 30 days,2025-07-03 02:44:55,1,0,
Adam Miltenberger,2025-07-03 02:04:07,Lucy // $440k in 30 days,2025-07-03 02:24:43,4,1,
olivia@superfeast.com.au,2025-07-03 04:30:31,Mason's Mushrooms on Subscriptions,2025-07-03 19:39:16,1,,
brittney.richards@medicinemama.com,2025-07-03 20:39:43,Redbud Brands // Medicine Mama - Subscriptions,2025-07-08 21:44:00,1,,
Adria Marshall,2025-07-03 21:25:14,Ecoslay - oVertone // Loop Subscriptions,2025-07-04 05:10:01,2,,
Corey Sams,2025-07-03 21:25:49,Ecoslay - oVertone // Loop Subscriptions,2025-07-04 18:32:18,1,,
"Harshit Gupta,Piyush Jain",2025-07-08 02:15:39,Breaking the AJâ€“Loop curse before renewal?,2025-07-08 14:02:25,6,,
Dashrath Rajpurohit,2025-07-08 02:19:24,Breaking the AJâ€“Loop curse before renewal?,2025-07-08 02:20:26,1,,
ernesto@artofenso.com,2025-07-08 21:16:40,Live It Up - Customized Banner for Churn,2025-07-08 21:17:02,1,0,
Sophia Jin,2025-07-08 21:17:24,Live It Up - Customized Banner for Churn,2025-07-12 01:46:56,3,0,
mike@artofenso.com,2025-07-08 21:18:06,Live It Up - Customized Banner for Churn,2025-07-08 21:18:29,1,0,
Luke Garlock,2025-07-08 21:19:07,Live It Up - Customized Banner for Churn,2025-07-09 06:03:51,1,0,
Julia Brewington,2025-07-08 22:20:30,Curie - Customized Banner for Churn,2025-07-08 23:08:57,1,0,
Sarah Moret,2025-07-08 22:21:52,Curie - Customized Banner at CP for Churn,2025-07-09 00:30:02,1,0,
Michael Johnson,2025-07-08 22:48:58,Bowmar Nutrition // Loop - Subscriber churn <5%,2025-07-21 01:27:06,5,0,
AJ Patel,2025-07-08 23:20:33,Breaking the AJ - Loop curse before renewal?,2025-07-09 14:42:07,7,,
Kaleb Mattice,2025-07-09 02:19:35,Gains In Bulk // Loop Subscriptions - CSM's Workbook,2025-07-14 08:03:26,2,1,
Samuel Davel,2025-07-09 23:27:57,Army Connection - also sent a DM on LinkedIn,2025-07-16 02:21:35,3,,
Katie Nadler,2025-07-09 23:30:29,Kosterina // reCharge -> Loop Subscriptions,2025-07-10 02:49:13,1,,
Katerina Mountanos,2025-07-09 23:31:27,Kosterina // reCharge -> Loop Subscriptions,2025-07-10 01:39:10,1,,
alyx@kosterina.com,2025-07-09 23:32:16,Kosterina // reCharge -> Loop Subscriptions,2025-07-09 23:37:58,2,,
Peter Mountanos,2025-07-09 23:32:49,Kosterina // reCharge -> Loop Subscriptions,2025-07-10 12:42:33,2,,
Joshua Katz,2025-07-09 23:48:25,Dad Grass // Stay AI -> Loop Subscriptions,2025-07-10 15:13:25,2,,
al@dadgrass.com,2025-07-09 23:50:47,Dad Grass // Stay AI -> Loop Subscriptions,2025-07-09 23:51:18,1,,
Todd Hunter,2025-07-10 00:19:49,OFFFIELD // reCharge -> Loop Subscriptions,2025-07-12 12:54:14,2,,
Tony Fur,2025-07-10 00:20:15,OFFFIELD // reCharge -> Loop Subscriptions,2025-07-28 12:33:11,2,,
Andrew Talarzyk,2025-07-10 01:33:00,Davids Natural - subscriber churn at 1.61%,2025-07-15 22:25:15,1,0,
Bruce Weyman,2025-07-10 01:34:35,Davids Natural - subscriber churn at 1.61%,2025-07-10 01:34:54,1,0,
margaret@davids-usa.com,2025-07-10 01:35:11,Davids Natural - subscriber churn at 1.61%,2025-07-10 01:41:28,3,0,
Eric Buss,2025-07-10 01:35:48,Davids Natural - subscriber churn at 1.61%,2025-07-10 11:46:14,2,0,
"Josh Eichel,josh@ten32media.com",2025-07-10 01:53:47,Wicked Protein - subscriber churn at 1.61%,2025-07-11 08:56:04,2,0,
Jared Farver,2025-07-10 02:01:31,Grinds Coffee - subscriber churn at 1.61%,2025-07-10 02:20:52,2,0,
Holly Migliaccio,2025-07-10 02:11:35,Rook Coffee - subscriber churn at 1.61%,2025-07-10 05:12:58,5,0,
eoconnor@vegamour.com,2025-07-10 22:06:14,Vegamour // reCharge -> Loop Subscriptions,2025-07-11 01:09:28,1,,
ako@vegamour.com,2025-07-10 22:06:54,Vegamour // reCharge -> Loop Subscriptions,2025-07-10 22:32:21,1,,
ebillings@vegamour.com,2025-07-10 22:16:07,Vegamour // reCharge -> Loop Subscriptions,2025-07-10 22:20:42,1,,
"Emily Andrews,eporterandrews@gmail.com",2025-07-10 22:22:58,Veracity Selfcare - subscriber churn at 1.61%,2025-07-11 00:52:21,1,0,
"sabrina@veracityselfcare.com,sabrinavpereira@gmail.com",2025-07-10 22:24:53,Veracity Selfcare - subscriber churn at 1.61%,2025-07-15 09:07:57,3,0,
Allie Egan,2025-07-10 22:25:31,Veracity Selfcare - subscriber churn at 1.61%,2025-08-04 00:49:35,7,0,
Philippe Trottier,2025-07-10 22:29:08,Teangle - subscriber churn at 1.61%,2025-07-10 22:38:15,1,0,
brooke@itsblume.com,2025-07-10 23:37:20,Met Christie at the Expo West - Blume // Loop,2025-07-11 02:10:44,2,,
cailin@itsblume.com,2025-07-10 23:38:55,Met Christie at the Expo West - Blume // Loop,2025-07-16 01:43:26,3,,
karen@itsblume.com,2025-07-10 23:39:55,Met Christie at the Expo West - Blume // Loop,2025-07-17 00:48:34,3,,
Christie Kaake,2025-07-10 23:45:11,We met - Expo West!!!,2025-07-12 03:25:35,3,,
angelo@getkion.com,2025-07-11 00:19:59,Kion // Primal Queen - $70Mn+ on subscriptions,2025-07-11 02:50:58,1,,
aashika@loisa.com,2025-07-11 00:41:40,Loisa // reCharge -> Loop Subscriptions,2025-07-11 01:43:18,1,,
aashika@loisa.com,2025-07-11 01:00:52,Widget UI error on Loisa's website,2025-07-11 01:43:04,1,,
Alicia Sokolowski,2025-07-11 01:27:40,AspenClean - subscriber churn at 1.61%,2025-07-14 10:17:21,2,0,
Chris Solodko,2025-07-11 01:29:52,AspenClean - subscriber churn at 1.61%,2025-07-11 12:16:59,1,0,
julian@matchaful.com,2025-07-11 01:38:20,Matchaful - subscriber churn at 1.61%,2025-07-11 01:41:05,1,0,
Jason Caylor,2025-07-11 01:43:12,Matchaful - subscriber churn at 1.61%,2025-07-11 02:08:52,1,0,
nicole@esemblybaby.com,2025-07-11 01:58:27,Esembly Baby // Because Market - Loop,2025-07-11 02:14:25,1,0,
Liz Turrigiano,2025-07-11 01:58:59,Esembly Baby // Because Market - Loop,2025-08-04 20:27:49,3,0,
Dominic B.,2025-07-11 19:23:42,Attitude // reCharge -> Loop Subscriptions,2025-07-12 09:13:55,1,,
Samuel Davel,2025-07-11 20:25:23,Our Army Connection - Spoke on call yesterday,2025-07-22 02:25:58,5,0,
"Sam Davel,Harshit Gupta",2025-07-11 20:41:43,Our Army Connection - Spoke on call yesterday,2025-07-22 02:25:57,5,0,
Aashika Jikaria,2025-07-11 21:49:12,Cold call - 5 mins ago,2025-07-11 21:49:35,1,,
amaschari@stellaandchewys.com,2025-07-11 23:03:20,Stella & Chewy's // reCharge -> Loop Subscriptions,2025-07-11 23:03:36,1,,
rbrubeck@stellaandchewys.com,2025-07-11 23:07:53,Stella & Chewy's // reCharge -> Loop Subscriptions,2025-07-11 23:09:07,2,,
agould@stellaandchewys.com,2025-07-11 23:08:22,Stella & Chewy's // reCharge -> Loop Subscriptions,2025-07-11 23:08:52,2,,
sseiple@stellaandchewys.com,2025-07-11 23:08:59,Stella & Chewy's // reCharge -> Loop Subscriptions,2025-07-11 23:09:32,2,,
jthompson@stellaandchewys.com,2025-07-11 23:09:25,Stella & Chewy's // reCharge -> Loop Subscriptions,2025-07-11 23:10:02,2,,
shurley@stellaandchewys.com,2025-07-11 23:09:49,Stella & Chewy's // reCharge -> Loop Subscriptions,2025-07-11 23:10:18,2,,
micah@koala.health,2025-07-11 23:52:30,subscriptions on Shopify,2025-07-13 21:33:33,1,,
nick@koala.health,2025-07-11 23:53:25,subscriptions on Shopify,2025-07-15 22:51:48,2,,
ty@koala.health,2025-07-11 23:54:09,subscriptions on Shopify,2025-07-12 01:09:17,1,,
kaitlyn@koala.health,2025-07-11 23:55:56,subscriptions on Shopify,2025-07-11 23:56:25,1,,
Joseph Kim,2025-07-14 22:48:23,Vita Hustle // Loop Subscriptions,2025-07-15 10:30:16,2,,
Michael Strumwasser,2025-07-14 22:48:53,Vita Hustle // Loop Subscriptions,2025-07-14 23:38:52,1,,
charles@crazycups.com,2025-07-14 22:52:15,BYOB on subscriptions at Crazy Cups?,2025-07-14 22:52:33,1,,
sonofri@ever.com,2025-07-15 00:51:34,Ever // OSEA Malibu - Loop Subscriptions,2025-07-15 01:21:17,2,,
hwilson@ever.com,2025-07-15 00:52:06,Ever // OSEA Malibu - Loop Subscriptions,2025-07-15 12:27:14,2,,
lnagai@aghair.com,2025-07-15 01:20:46,AG Care // OSEA Malibu - Loop Subscriptions,2025-07-15 01:21:44,2,,
lmoore@aghair.com,2025-07-15 01:22:11,AG Care // OSEA Malibu - Loop Subscriptions,2025-07-15 22:00:02,3,,
kcheon@aghair.com,2025-07-15 01:23:12,AG Care // OSEA Malibu - Loop Subscriptions,2025-07-15 01:24:27,2,,
Andrew Talarzyk,2025-07-16 00:20:25,Davids Natural // Autobrush - Loop Subscriptions,2025-07-17 21:48:21,1,0,
margaret@davids-usa.com,2025-07-16 00:21:19,Davids Natural // Autobrush - Loop Subscriptions,2025-07-16 05:05:03,1,0,
Eric Buss,2025-07-16 00:22:07,Davids Natural // Autobrush - Loop Subscriptions,2025-07-16 00:29:54,1,0,
Michael Johnson,2025-07-16 00:34:54,"Bowmar Nutrition saved $21,600",2025-08-08 21:57:24,4,0,
Harshit Gupta,2025-07-16 00:38:53,Emails - Nurture Acc - Leads,2025-07-16 13:10:54,1,,
Cailin Smart,2025-07-16 01:24:03,Met Christie at the Expo West - Blume // Loop,2025-07-16 01:43:26,2,0,
Megan Browne,2025-07-16 01:50:00,Connecting again after 5 months!,2025-07-16 01:50:17,1,0,
theprincess@fablebeardco.com,2025-07-16 02:25:19,Fable Beard & Fable Beauty // Loop Subscriptions,2025-07-16 08:52:31,5,,
Amelia Winslow,2025-07-16 23:51:17,Pop & Bottle // reCharge -> Loop Subscriptions,2025-07-17 01:27:11,1,,
Jash Mehta,2025-07-16 23:52:06,Pop & Bottle // reCharge -> Loop Subscriptions,2025-07-17 09:13:07,1,,
Zoe Troner,2025-07-16 23:53:33,Pop & Bottle // reCharge -> Loop Subscriptions,2025-07-16 23:58:06,1,,
Chekyiu Ng,2025-07-16 23:53:58,Pop & Bottle // reCharge -> Loop Subscriptions,2025-07-17 07:00:43,2,,
brandon@rookcoffee.com,2025-07-17 00:18:23,We spoke on call - Friday at 11:24 am,2025-08-08 19:07:06,7,,
"alice@firstday.com,Alice Li",2025-07-17 00:58:37,First Day - Cody Griffin's reference // Loop,2025-07-17 01:16:58,2,,
blake@firstday.com,2025-07-17 01:19:38,Cody & First Day // Stay AI -> Loop Subscriptions,2025-07-23 13:42:47,4,,
Kritika Mundhra,2025-07-17 19:30:48,Application for Sales Role ( SDR),2025-07-21 13:25:38,5,,
Charles Taylor,2025-07-17 22:10:32,Spoke to Moshe 33 mins ago - subscriptions,2025-07-17 22:10:59,1,0,
Kaleb Mattice,2025-07-17 22:25:37,Kaleb 2k15 - 2k25 Rap battle // Loop Subscriptions,2025-07-31 10:43:18,2,,
Jared Farver,2025-07-18 00:45:40,Grinds Coffee // Loop Subscriptions - What more can I do?,2025-07-18 02:00:07,2,,
michael@infiniwell.com,2025-07-18 01:08:30,Infiniwell // reCharge -> Loop Subscriptions,2025-07-18 01:16:14,2,,
samantha@infiniwell.com,2025-07-18 01:09:09,Infiniwell // reCharge -> Loop Subscriptions,2025-07-18 01:34:02,1,,
tommy@finalbosssour.com,2025-07-18 01:43:08,Final Boss Sour // reCharge -> Loop Subscriptions,2025-07-18 04:32:02,1,,
brittney.richards@medicinemama.com,2025-07-18 01:56:18,Medicine Mama - subscriber churn at 1.61%,2025-07-19 01:19:46,2,0,
Maria Shirley,2025-07-18 02:01:43,BeautyStat // reCharge -> Loop Subscriptions,2025-07-18 02:01:59,1,5,
Yaso Murray,2025-07-18 02:02:21,BeautyStat // reCharge -> Loop Subscriptions,2025-07-18 02:02:39,1,6,
ron.robinson@beautystat.com,2025-07-18 02:02:39,BeautyStat // reCharge -> Loop Subscriptions,2025-07-18 02:02:58,1,6,
Liz Cavalieri,2025-07-18 02:05:40,Spoke on call - 11th July at 8:52 am,2025-07-18 02:05:59,1,6,
Justice Goddard,2025-07-18 20:41:16,Pulp & Press Juice - Protein Candy // Loop Subscriptions,2025-07-19 02:21:31,2,,
mkingdon@proteincandy.com,2025-07-18 20:42:09,Pulp & Press Juice - Protein Candy // Loop Subscriptions,2025-07-18 20:46:24,1,,
michael@eatrotten.com,2025-07-18 22:26:22,Rotten - Subscriber journey banner // Churn,2025-07-18 22:29:57,1,,
brandon@eatrotten.com,2025-07-18 22:28:31,Rotten - Subscriber journey banner // Churn,2025-07-19 02:09:01,2,,
ben@eatrotten.com,2025-07-18 22:32:15,I know this is not for you - please forward :),2025-07-26 14:04:26,4,,
Mason Taylor,2025-07-19 00:19:44,SuperFeast - $440K in 30 days?,2025-07-21 04:19:48,1,0,
olivia@superfeast.com.au,2025-07-19 00:20:53,Mason's Mushrooms on Subscriptions,2025-07-19 02:42:12,1,0,
Ben Starmer,2025-07-19 00:40:06,Dad Grass - subscriber churn at 1.61%,2025-07-19 00:40:27,1,,
al@dadgrass.com,2025-07-19 00:40:43,Dad Grass - subscriber churn at 1.61%,2025-07-19 00:41:59,1,,
Todd Hunter,2025-07-19 00:48:17,OFFFIELD - subscriber churn at 1.61%,2025-07-19 00:49:13,1,,
rdavidson@getkion.com,2025-07-19 01:09:20,Kion - subscriber churn at 1.61%,2025-07-19 01:17:02,3,,
angelo@getkion.com,2025-07-19 01:10:24,Kion - subscriber churn at 1.61%,2025-07-21 21:14:26,5,,
Emma O?Connor,2025-07-19 01:16:38,Vegamour - subscriber churn at 1.61%,2025-07-19 02:16:10,1,,
Angela Ko,2025-07-19 01:17:12,Vegamour - subscriber churn at 1.61%,2025-07-19 01:29:02,1,,
ebillings@vegamour.com,2025-07-19 01:18:19,Vegamour - subscriber churn at 1.61%,2025-07-19 01:19:04,2,,
Aashika Jikaria,2025-07-19 01:26:29,Loisa - subscriber churn at 1.61%,2025-07-19 01:45:56,1,,
"Sam Davel,Harshit Gupta",2025-07-22 02:24:10,Our Army Connection - Spoke on call yesterday,2025-07-22 09:46:47,4,0,
Sam Davel,2025-07-22 02:35:59,Our Army Connection - Spoke on call yesterday,2025-07-22 02:49:31,1,,
devin.n@bakerly.com,2025-07-22 02:43:41,Just spoke on call 15 mins ago,2025-07-22 02:44:01,2,,
"amanda@bakerly.com,amandapress05@gmail.com",2025-07-22 02:56:23,spoke on the phone - offload your work,2025-07-22 04:11:41,1,,
alie@cleansimpleeats.com,2025-07-22 03:22:01,Clean Simple Eats // reCharge -> Loop Subscriptions,2025-07-22 03:24:51,1,,
michelle.morale@cleansimpleeats.com,2025-07-22 03:23:32,Clean Simple Eats // reCharge -> Loop Subscriptions,2025-07-22 03:26:02,2,,
josh@cleansimpleeats.com,2025-07-22 03:24:27,Clean Simple Eats // reCharge -> Loop Subscriptions,2025-07-22 04:22:09,3,,
britt@cleansimpleeats.com,2025-07-22 03:24:59,Clean Simple Eats // reCharge -> Loop Subscriptions,2025-07-22 04:25:32,1,,
morgan@greenhouse.ca,2025-07-22 03:44:01,Greenhouse // reCharge -> Loop Subscriptons,2025-07-22 03:44:19,1,,
zac.albright@cleancause.com,2025-07-22 23:17:25,Spoke to Wes (Founder - Clean Cause),2025-08-06 22:01:54,5,,
Julia Brewington,2025-07-23 00:25:48,Curie - subscriber churn at 1.61%,2025-07-23 02:43:08,1,,
Sarah Moret,2025-07-23 00:26:33,Curie - subscriber churn at 1.61%,2025-07-23 09:51:00,2,,
Samantha McGinnis,2025-07-23 01:24:07,Live It Up saved $40k (not kidding),2025-07-23 01:24:26,1,,
ernesto@artofenso.com,2025-07-23 01:27:44,Live It Up saved $40k (not kidding),2025-07-23 01:28:07,1,,
Sophia Jin,2025-07-23 01:28:34,Live It Up saved $40k (not kidding),2025-07-24 05:15:55,1,,
mike@artofenso.com,2025-07-23 01:29:38,Live It Up saved $40k (not kidding),2025-07-23 03:34:20,2,,
Manan Vig,2025-07-25 01:01:51,Hey,2025-07-25 03:13:18,2,,
Harshit Gupta,2025-07-25 19:38:11,Email for Bird and Be,2025-07-25 19:44:43,2,,
"Breanna Hughes,Bailee Cooper,Harshit Gupta",2025-07-25 19:52:32,Bird & Be // Loop Subscriptions - Bundle breakdown,2025-07-25 21:22:27,3,,
"Emily Andrews,eporterandrews@gmail.com",2025-07-25 22:04:16,Loom video - Veracity // ~50% churn reduction,2025-07-26 02:13:23,4,0,
Maeve Aherne,2025-07-25 22:05:33,Loom video - Veracity // ~50% churn reduction,2025-07-25 22:05:53,1,0,
"sabrina@veracityselfcare.com,sabrinavpereira@gmail.com",2025-07-25 22:06:14,Loom video - Veracity // ~50% churn reduction,2025-07-29 05:38:52,2,0,
Allie Egan,2025-07-25 22:07:02,Loom video - Veracity // ~50% churn reduction,2025-08-15 07:59:34,6,0,
"Wendy,wendy@colsonhealth.com,Piyush Jain and 1 more.",2025-07-28 22:04:19,Boobie Superfoods // reCharge -> Loop Subscriptions,2025-07-29 00:21:00,4,,
Martyne Alphonso,2025-07-28 22:30:12,Indeed Labs // Smartrr -> Loop Subscriptions,2025-07-28 23:21:24,2,,
Martyne Alphonso,2025-07-29 00:04:06,Indeed Labs // Smartrr -> Loop Subscriptions,2025-07-29 00:11:19,2,0,
Augusta C.,2025-07-29 01:05:39,Not sure if this is for you - Maude // Loop,2025-07-29 01:10:27,2,,
Matt Caulfield,2025-07-29 01:06:44,Not sure if this is for you - Maude // Loop,2025-07-29 01:37:48,1,,
Ella Scott,2025-07-29 01:08:01,Maude // Stay AI -> Loop Subscriptions,2025-07-29 01:13:23,1,,
"Eva Goicochea,evagoicochea@gmail.com",2025-07-29 02:06:55,"Latina founder, hiring - Maude // Stay -> Loop",2025-07-29 02:07:10,2,,
Tricia Rieger,2025-07-29 20:31:07,Act+Acre // reCharge -> Loop Subscriptions,2025-07-30 05:09:56,1,,
Colm Mackin,2025-07-29 20:33:35,Act+Acre // reCharge -> Loop Subscriptions,2025-07-29 20:48:48,1,,
margaret@davids-usa.com,2025-07-29 22:40:32,Error on David's website + Loom video for you,2025-07-29 23:21:46,2,0,
Eric Buss,2025-07-29 22:41:06,Error on David's website + Loom video for you,2025-07-30 00:22:21,1,0,
ernesto@artofenso.com,2025-07-29 23:10:25,Loom Video // Live It Up ~50% AOV,2025-07-29 23:43:33,2,0,
Luke Garlock,2025-07-29 23:11:35,Loom Video // Live It Up ~50% AOV,2025-07-30 10:31:38,1,0,
Michael Fisher,2025-07-29 23:28:39,Loom video // Rotten - reduce churn by ~30%,2025-07-30 00:16:30,1,0,
Brandon Kieffer,2025-07-29 23:35:56,Loom video // Rotten - reduce churn by ~30%,2025-07-29 23:58:58,2,0,
ben@eatrotten.com,2025-07-29 23:40:29,"This one is for you, Ben",2025-08-26 17:58:33,4,0,
Sarah Wilcox,2025-07-30 00:40:26,Genuine Tea // reCharge -> Loop Subscriptions,2025-07-30 01:02:03,2,,
David O'Connor,2025-07-30 01:06:56,Tea Field Vietnam - India // Subscriptions,2025-07-30 01:10:16,2,,
Raja Agnani,2025-07-31 00:06:01,P.S. // Cardon Skincare - Loop Subscriptions,2025-08-01 04:28:50,1,,
Alan Vladusic,2025-07-31 00:06:52,P.S. // Cardon Skincare - Loop Subscriptions,2025-07-31 14:44:58,1,,
Robert Seo,2025-07-31 00:07:18,P.S. // Cardon Skincare - Loop Subscriptions,2025-08-11 22:52:18,3,,
brandon.kent@coterie.com,2025-07-31 02:39:38,Coterie - Brandon // Petrified Wood Fossil,2025-07-31 02:48:58,1,,
adrienne@gainful.com,2025-07-31 23:56:36,Gainful // Skio -> Loop Subscriptions,2025-08-01 00:01:33,1,,